protocol,paper_claim,method,implementation_variant,seed,n_train,n_test,true_class_prior,observed_positive_rate,elapsed_seconds,accuracy,balanced_accuracy,f1,roc_auc,average_precision,brier,predicted_positive_rate,bayes_posterior_spearman,class_prior_used,representation_objective_first,representation_objective_last,queue_final_size,classification_loss_last,contrastive_loss_last,generator_fit_calls,generated_positive_total,predicted_positive_distribution
clean_room,False,dgpu,clean_room_gaussian_generator,0,240,300,0.4,0.25,0.043368998914957047,0.66,0.7033898305084746,0.6772151898734177,0.8650121065375302,0.853065883905045,0.21756148248998647,0.66,0.6152058092491842,0.4,,,,,,2.0,96.0,0.4100089967250824
clean_room,False,dgpu,clean_room_gaussian_generator,1,240,300,0.4,0.25,0.03204555157572031,0.9466666666666667,0.9432113955799537,0.9292035398230089,0.990203965737542,0.9846025749204655,0.14790696645985893,0.37666666666666665,0.8679824157893323,0.4,,,,,,2.0,96.0,0.404666930437088
clean_room,False,dgpu,clean_room_gaussian_generator,2,240,300,0.4,0.25,0.027802709490060806,0.7966666666666666,0.8026168746507729,0.7626459143968871,0.890761780592289,0.8798386308944397,0.2202480055404674,0.4633333333333333,0.5746632866203115,0.4,,,,,,2.0,96.0,0.4073846638202667
clean_room,False,infomax_pu,clean_room_purl_linear_nnpu,0,240,300,0.4,0.25,2.5886528864502907,0.37666666666666665,0.43560253306016017,0.4732394366197183,0.454367666232073,0.4065938975634695,0.2548527954783871,0.79,-0.04847296008880209,0.4,0.005705196876078844,-0.02743552438914776,,,,,,
clean_room,False,infomax_pu,clean_room_purl_linear_nnpu,1,240,300,0.4,0.25,0.05382649693638086,0.5933333333333334,0.6737967914438503,0.6494252873563219,0.948133074629691,0.8886016265288446,0.2369090190266713,0.7833333333333333,0.7747190744069767,0.4,0.11458750814199448,0.05938762053847313,,,,,,
clean_room,False,infomax_pu,clean_room_purl_linear_nnpu,2,240,300,0.4,0.25,0.048079037107527256,0.5166666666666667,0.4273142112125163,0.013605442176870748,0.3286924939467312,0.2935501140910302,0.25145676601434863,0.09666666666666666,-0.3318038659493872,0.4,-0.06983308494091034,-0.09782753884792328,,,,,,
clean_room,False,weighted_contrastive_pu,clean_room_tabular_wconpu,0,240,300,0.4,0.25,2.014563334174454,0.9866666666666667,0.9830508474576272,0.9827586206896551,0.9989290370646302,0.9984387430191423,0.08605389154352183,0.38,0.9681480707065913,0.4,,,128.0,0.5652317106723785,6.209033012390137,,,
clean_room,False,weighted_contrastive_pu,clean_room_tabular_wconpu,1,240,300,0.4,0.25,1.9134561568498611,0.39666666666666667,0.516042780748663,0.5552825552825553,0.9966400075718139,0.9948925270903104,0.2377708332623767,0.98,0.8353738022637349,0.4,,,128.0,0.5338840782642365,8.092667937278748,,,
clean_room,False,weighted_contrastive_pu,clean_room_tabular_wconpu,2,240,300,0.4,0.25,1.7894771099090576,0.86,0.8846153846153846,0.8489208633093526,0.9972527472527473,0.9960375962752372,0.13415674636056926,0.5333333333333333,0.943789934633934,0.4,,,128.0,0.5453882813453674,5.970556020736694,,,
