algorithm,scenario,seed,params,mechanism,class_prior,label_frequency,real_h,pi_h_well_conditioned,warning_count,diag_converged,diag_n_iter,diag_c_estimate,diag_cond_number,diag_correction_fraction,diag_n_epochs,diag_n_acs_iter,pred_positive_rate,degenerate_prediction,pu_zero_one_risk,pu_recall,pu_estimated_precision,pu_auc_roc,pu_accuracy,pu_f1,pu_negative_rate,average_precision,balanced_accuracy,brier_score,brier_score_unavailable_reason,expected_calibration_error,expected_calibration_error_unavailable_reason,ece_buckets_api,elapsed_seconds,status,failure_reason
ldce,scar-pi0.1-scalesmall,100,"{""centroid_radius"": 1.0, ""covariance_ridge"": 0.01, ""learning_rate"": 0.01, ""max_iter"": 10000, ""mom_groups"": 10, ""n_inner_iter"": 50, ""reg_strength"": 1.0, ""tol"": 1e-06}",scar,0.1,0.5,0.5,True,0,True,251,,348.40427350292543,,,,0.3625,False,0.27016162453377535,0.8421052631578947,0.2323049001814882,0.7599999999999999,0.6875,0.32432432432432434,0.6614173228346457,0.2762707397937065,0.7152777777777778,,requires predict_proba,,requires predict_proba,,0.7820000000001528,success,
ldce,scar-pi0.1-scalesmall,101,"{""centroid_radius"": 1.0, ""covariance_ridge"": 0.01, ""learning_rate"": 0.01, ""max_iter"": 10000, ""mom_groups"": 10, ""n_inner_iter"": 50, ""reg_strength"": 1.0, ""tol"": 1e-06}",scar,0.1,0.5,0.5,True,0,True,1010,,288.2778946135339,,,,0.4025,False,0.34299011052937756,0.7222222222222222,0.17943409247757075,0.6964583333333334,0.6325,0.26865671641791045,0.612565445026178,0.2524687782726454,0.6513888888888889,,requires predict_proba,,requires predict_proba,,3.157000000000153,success,
ldce,scar-pi0.1-scalesmall,102,"{""centroid_radius"": 1.0, ""covariance_ridge"": 0.01, ""learning_rate"": 0.01, ""max_iter"": 10000, ""mom_groups"": 10, ""n_inner_iter"": 50, ""reg_strength"": 1.0, ""tol"": 1e-06}",scar,0.1,0.5,0.5,True,0,True,4442,,332.13844467707133,,,,0.3975,False,0.37357708254805877,0.5714285714285714,0.14375561545372864,0.7454861111111111,0.6525,0.3015075376884422,0.6121372031662269,0.2831745432726186,0.6958333333333333,,requires predict_proba,,requires predict_proba,,13.764999999999873,success,
ldce,scar-pi0.1-scalesmall,103,"{""centroid_radius"": 1.0, ""covariance_ridge"": 0.01, ""learning_rate"": 0.01, ""max_iter"": 10000, ""mom_groups"": 10, ""n_inner_iter"": 50, ""reg_strength"": 1.0, ""tol"": 1e-06}",scar,0.1,0.5,0.5,True,0,True,3403,,311.75839348020173,,,,0.3675,False,0.33199999999999996,0.6,0.16326530612244897,0.7181944444444444,0.6625,0.27807486631016043,0.648,0.2837717290456731,0.6569444444444444,,requires predict_proba,,requires predict_proba,,10.547000000000025,success,
ldce,scar-pi0.1-scalesmall,104,"{""centroid_radius"": 1.0, ""covariance_ridge"": 0.01, ""learning_rate"": 0.01, ""max_iter"": 10000, ""mom_groups"": 10, ""n_inner_iter"": 50, ""reg_strength"": 1.0, ""tol"": 1e-06}",scar,0.1,0.5,0.5,True,0,True,1016,,344.169155214755,,,,0.35,False,0.33466666666666667,0.52,0.1485714285714286,0.7213194444444445,0.675,0.2777777777777778,0.6613333333333333,0.2510093575600571,0.6527777777777778,,requires predict_proba,,requires predict_proba,,3.125,success,
ldce,scar-pi0.1-scalesmall,105,"{""centroid_radius"": 1.0, ""covariance_ridge"": 0.01, ""learning_rate"": 0.01, ""max_iter"": 10000, ""mom_groups"": 10, ""n_inner_iter"": 50, ""reg_strength"": 1.0, ""tol"": 1e-06}",scar,0.1,0.5,0.5,True,0,True,8607,,335.3050045701721,,,,0.415,False,0.33999999999999997,0.76,0.18313253012048197,0.7452777777777779,0.63,0.2815533980582524,0.608,0.2552911064397066,0.6722222222222223,,requires predict_proba,,requires predict_proba,,27.077999999999975,success,
ldce,scar-pi0.1-scalesmall,106,"{""centroid_radius"": 1.0, ""covariance_ridge"": 0.01, ""learning_rate"": 0.01, ""max_iter"": 10000, ""mom_groups"": 10, ""n_inner_iter"": 50, ""reg_strength"": 1.0, ""tol"": 1e-06}",scar,0.1,0.5,0.5,True,0,True,620,,298.76520989981935,,,,0.4025,False,0.3215789473684211,0.8,0.1987577639751553,0.7229166666666667,0.6375,0.27860696517412936,0.618421052631579,0.18739990508197724,0.6652777777777777,,requires predict_proba,,requires predict_proba,,2.1089999999999236,success,
ldce,scar-pi0.1-scalesmall,107,"{""centroid_radius"": 1.0, ""covariance_ridge"": 0.01, ""learning_rate"": 0.01, ""max_iter"": 10000, ""mom_groups"": 10, ""n_inner_iter"": 50, ""reg_strength"": 1.0, ""tol"": 1e-06}",scar,0.1,0.5,0.5,True,0,True,1840,,308.94125770332784,,,,0.3825,False,0.3083187899941827,0.7777777777777778,0.20334059549745825,0.7654861111111111,0.6475,0.2694300518134715,0.6361256544502618,0.37913611161467187,0.6486111111111111,,requires predict_proba,,requires predict_proba,,5.641000000000076,success,
ldce,scar-pi0.1-scalesmall,108,"{""centroid_radius"": 1.0, ""covariance_ridge"": 0.01, ""learning_rate"": 0.01, ""max_iter"": 10000, ""mom_groups"": 10, ""n_inner_iter"": 50, ""reg_strength"": 1.0, ""tol"": 1e-06}",scar,0.1,0.5,0.5,True,0,True,719,,346.8521372759939,,,,0.3475,False,0.2564694564694565,0.8181818181818182,0.23544800523217796,0.7300694444444444,0.6925,0.3128491620111732,0.6798941798941799,0.30011783931913794,0.6958333333333333,,requires predict_proba,,requires predict_proba,,2.219000000000051,success,
ldce,scar-pi0.1-scalesmall,109,"{""centroid_radius"": 1.0, ""covariance_ridge"": 0.01, ""learning_rate"": 0.01, ""max_iter"": 10000, ""mom_groups"": 10, ""n_inner_iter"": 50, ""reg_strength"": 1.0, ""tol"": 1e-06}",scar,0.1,0.5,0.5,True,0,True,422,,276.70049861988724,,,,0.3725,False,0.3452772231608048,0.5882352941176471,0.15791551519936836,0.6861111111111111,0.6475,0.25396825396825395,0.6370757180156658,0.21335928012541694,0.6263888888888889,,requires predict_proba,,requires predict_proba,,1.3279999999999745,success,
ldce,scar-pi0.1-scalesmall,110,"{""centroid_radius"": 1.0, ""covariance_ridge"": 0.01, ""learning_rate"": 0.01, ""max_iter"": 10000, ""mom_groups"": 10, ""n_inner_iter"": 50, ""reg_strength"": 1.0, ""tol"": 1e-06}",scar,0.1,0.5,0.5,True,0,True,1172,,354.75666320668444,,,,0.3775,False,0.3387864823348694,0.6071428571428571,0.1608325449385052,0.7065972222222222,0.6525,0.27225130890052357,0.6397849462365591,0.3266820291469688,0.6513888888888889,,requires predict_proba,,requires predict_proba,,3.686999999999898,success,
ldce,scar-pi0.1-scalesmall,111,"{""centroid_radius"": 1.0, ""covariance_ridge"": 0.01, ""learning_rate"": 0.01, ""max_iter"": 10000, ""mom_groups"": 10, ""n_inner_iter"": 50, ""reg_strength"": 1.0, ""tol"": 1e-06}",scar,0.1,0.5,0.5,True,1,False,10000,,304.2801692870182,,,,,,,,,,,,,,,,,,,,31.032000000000153,nonconverged,explicit non-convergence
ldce,scar-pi0.1-scalesmall,112,"{""centroid_radius"": 1.0, ""covariance_ridge"": 0.01, ""learning_rate"": 0.01, ""max_iter"": 10000, ""mom_groups"": 10, ""n_inner_iter"": 50, ""reg_strength"": 1.0, ""tol"": 1e-06}",scar,0.1,0.5,0.5,True,0,True,3399,,334.5837338282642,,,,0.37,False,0.33466666666666667,0.6,0.16216216216216217,0.6959722222222222,0.645,0.24468085106382978,0.6453333333333333,0.21910700133495054,0.6138888888888889,,requires predict_proba,,requires predict_proba,,10.139999999999873,success,
ldce,scar-pi0.1-scalesmall,113,"{""centroid_radius"": 1.0, ""covariance_ridge"": 0.01, ""learning_rate"": 0.01, ""max_iter"": 10000, ""mom_groups"": 10, ""n_inner_iter"": 50, ""reg_strength"": 1.0, ""tol"": 1e-06}",scar,0.1,0.5,0.5,True,0,True,1886,,348.25475320743044,,,,0.3725,False,0.3650793650793651,0.5,0.1342281879194631,0.6585416666666667,0.6325,0.2222222222222222,0.6349206349206349,0.1503484508644797,0.5847222222222223,,requires predict_proba,,requires predict_proba,,3.282000000000153,success,
ldce,scar-pi0.1-scalesmall,114,"{""centroid_radius"": 1.0, ""covariance_ridge"": 0.01, ""learning_rate"": 0.01, ""max_iter"": 10000, ""mom_groups"": 10, ""n_inner_iter"": 50, ""reg_strength"": 1.0, ""tol"": 1e-06}",scar,0.1,0.5,0.5,True,0,True,954,,340.53469675353296,,,,0.39,False,0.3253349910208593,0.7368421052631579,0.18893387314439944,0.7486111111111111,0.655,0.29591836734693877,0.6272965879265092,0.3192266165597345,0.6861111111111111,,requires predict_proba,,requires predict_proba,,1.6709999999998217,success,
ldce,scar-pi0.1-scalesmall,115,"{""centroid_radius"": 1.0, ""covariance_ridge"": 0.01, ""learning_rate"": 0.01, ""max_iter"": 10000, ""mom_groups"": 10, ""n_inner_iter"": 50, ""reg_strength"": 1.0, ""tol"": 1e-06}",scar,0.1,0.5,0.5,True,0,True,814,,333.752595197619,,,,0.3925,False,0.33741360774074647,0.7058823529411765,0.1798426376920195,0.7023611111111111,0.6425,0.27411167512690354,0.6214099216710183,0.2211062632963932,0.6569444444444444,,requires predict_proba,,requires predict_proba,,1.4380000000001019,success,
ldce,scar-pi0.1-scalesmall,116,"{""centroid_radius"": 1.0, ""covariance_ridge"": 0.01, ""learning_rate"": 0.01, ""max_iter"": 10000, ""mom_groups"": 10, ""n_inner_iter"": 50, ""reg_strength"": 1.0, ""tol"": 1e-06}",scar,0.1,0.5,0.5,True,0,True,668,,320.34937017287524,,,,0.3825,False,0.3469611348172068,0.6086956521739131,0.15913611821540213,0.7177777777777777,0.6475,0.2694300518134715,0.6312997347480106,0.3074957139512789,0.6486111111111111,,requires predict_proba,,requires predict_proba,,1.155999999999949,success,
ldce,scar-pi0.1-scalesmall,117,"{""centroid_radius"": 1.0, ""covariance_ridge"": 0.01, ""learning_rate"": 0.01, ""max_iter"": 10000, ""mom_groups"": 10, ""n_inner_iter"": 50, ""reg_strength"": 1.0, ""tol"": 1e-06}",scar,0.1,0.5,0.5,True,0,True,1439,,312.7886262226999,,,,0.395,False,0.383188285674817,0.5263157894736842,0.13324450366422383,0.6747916666666667,0.615,0.2222222222222222,0.6115485564304461,0.25676322697449616,0.5861111111111111,,requires predict_proba,,requires predict_proba,,2.469000000000051,success,
ldce,scar-pi0.1-scalesmall,118,"{""centroid_radius"": 1.0, ""covariance_ridge"": 0.01, ""learning_rate"": 0.01, ""max_iter"": 10000, ""mom_groups"": 10, ""n_inner_iter"": 50, ""reg_strength"": 1.0, ""tol"": 1e-06}",scar,0.1,0.5,0.5,True,0,True,3072,,325.00387150966225,,,,0.375,False,0.33052631578947367,0.65,0.17333333333333334,0.6722916666666666,0.655,0.2736842105263158,0.6394736842105263,0.21715489851343972,0.6527777777777778,,requires predict_proba,,requires predict_proba,,5.186999999999898,success,
ldce,scar-pi0.1-scalesmall,119,"{""centroid_radius"": 1.0, ""covariance_ridge"": 0.01, ""learning_rate"": 0.01, ""max_iter"": 10000, ""mom_groups"": 10, ""n_inner_iter"": 50, ""reg_strength"": 1.0, ""tol"": 1e-06}",scar,0.1,0.5,0.5,True,0,True,2126,,312.1064301612623,,,,0.3675,False,0.3065800865800866,0.7333333333333333,0.19954648526077098,0.7742361111111111,0.6825,0.32085561497326204,0.6467532467532467,0.3800002899154199,0.7125,,requires predict_proba,,requires predict_proba,,3.6089999999999236,success,
ldce,scar-pi0.1-scalemid,100,"{""centroid_radius"": 1.0, ""covariance_ridge"": 0.01, ""learning_rate"": 0.01, ""max_iter"": 10000, ""mom_groups"": 10, ""n_inner_iter"": 50, ""reg_strength"": 1.0, ""tol"": 1e-06}",scar,0.1,0.5,0.5,True,0,True,3138,,388.9579580091006,,,,0.386,False,0.33808828302499194,0.6634615384615384,0.17188122758070945,0.7032805555555556,0.643,0.2654320987654321,0.6292194092827004,0.22607243327238935,0.643888888888889,,requires predict_proba,,requires predict_proba,,17.391000000000076,success,
ldce,scar-pi0.1-scalemid,101,"{""centroid_radius"": 1.0, ""covariance_ridge"": 0.01, ""learning_rate"": 0.01, ""max_iter"": 10000, ""mom_groups"": 10, ""n_inner_iter"": 50, ""reg_strength"": 1.0, ""tol"": 1e-06}",scar,0.1,0.5,0.5,True,0,True,2455,,374.3575863087568,,,,0.385,False,0.32628206559353445,0.7127659574468085,0.18513401492124898,0.7379944444444445,0.656,0.2907216494845361,0.6311647429171039,0.24117252881402046,0.6777777777777778,,requires predict_proba,,requires predict_proba,,17.264999999999873,success,
ldce,scar-pi0.1-scalemid,102,"{""centroid_radius"": 1.0, ""covariance_ridge"": 0.01, ""learning_rate"": 0.01, ""max_iter"": 10000, ""mom_groups"": 10, ""n_inner_iter"": 50, ""reg_strength"": 1.0, ""tol"": 1e-06}",scar,0.1,0.5,0.5,True,0,True,3603,,374.36956995603504,,,,0.405,False,0.34342745861733204,0.7211538461538461,0.17806267806267806,0.6875583333333334,0.624,0.25544554455445545,0.6123417721518988,0.23006467227509447,0.6333333333333333,,requires predict_proba,,requires predict_proba,,21.96900000000005,success,
ldce,scar-pi0.1-scalemid,103,"{""centroid_radius"": 1.0, ""covariance_ridge"": 0.01, ""learning_rate"": 0.01, ""max_iter"": 10000, ""mom_groups"": 10, ""n_inner_iter"": 50, ""reg_strength"": 1.0, ""tol"": 1e-06}",scar,0.1,0.5,0.5,True,0,True,2162,,378.4236973080376,,,,0.385,False,0.3417341438683479,0.6422018348623854,0.16680567139282737,0.6953666666666666,0.645,0.26804123711340205,0.629825489159175,0.219377960595239,0.6472222222222223,,requires predict_proba,,requires predict_proba,,13.25,success,
ldce,scar-pi0.1-scalemid,104,"{""centroid_radius"": 1.0, ""covariance_ridge"": 0.01, ""learning_rate"": 0.01, ""max_iter"": 10000, ""mom_groups"": 10, ""n_inner_iter"": 50, ""reg_strength"": 1.0, ""tol"": 1e-06}",scar,0.1,0.5,0.5,True,0,True,1134,,377.8099941075178,,,,0.3915,False,0.3498098684176856,0.6407766990291263,0.16367220920284195,0.696475,0.6385,0.2644964394710071,0.6220347917764892,0.19689625936333532,0.6436111111111111,,requires predict_proba,,requires predict_proba,,6.875,success,
ldce,scar-pi0.1-scalemid,105,"{""centroid_radius"": 1.0, ""covariance_ridge"": 0.01, ""learning_rate"": 0.01, ""max_iter"": 10000, ""mom_groups"": 10, ""n_inner_iter"": 50, ""reg_strength"": 1.0, ""tol"": 1e-06}",scar,0.1,0.5,0.5,True,0,True,1394,,360.4405221585521,,,,0.3895,False,0.36331272419200744,0.5862068965517241,0.15050241246514098,0.699075,0.6355,0.2553626149131767,0.6194458964976477,0.24111478957095095,0.6308333333333334,,requires predict_proba,,requires predict_proba,,8.422000000000025,success,
ldce,scar-pi0.1-scalemid,106,"{""centroid_radius"": 1.0, ""covariance_ridge"": 0.01, ""learning_rate"": 0.01, ""max_iter"": 10000, ""mom_groups"": 10, ""n_inner_iter"": 50, ""reg_strength"": 1.0, ""tol"": 1e-06}",scar,0.1,0.5,0.5,True,0,True,85,,380.4629727686475,,,,0.3895,False,0.33627659574468083,0.675,0.17329910141206675,0.7099027777777779,0.6475,0.27987742594484166,0.6287234042553191,0.2591531951789038,0.6641666666666667,,requires predict_proba,,requires predict_proba,,0.5160000000000764,success,
ldce,scar-pi0.1-scalemid,107,"{""centroid_radius"": 1.0, ""covariance_ridge"": 0.01, ""learning_rate"": 0.01, ""max_iter"": 10000, ""mom_groups"": 10, ""n_inner_iter"": 50, ""reg_strength"": 1.0, ""tol"": 1e-06}",scar,0.1,0.5,0.5,True,0,True,1688,,379.81754038228706,,,,0.384,False,0.31713853081229704,0.7358490566037735,0.19162735849056603,0.7177555555555555,0.655,0.2871900826446281,0.6356916578669483,0.25636515499606244,0.6727777777777777,,requires predict_proba,,requires predict_proba,,10.358999999999924,success,
ldce,scar-pi0.1-scalemid,108,"{""centroid_radius"": 1.0, ""covariance_ridge"": 0.01, ""learning_rate"": 0.01, ""max_iter"": 10000, ""mom_groups"": 10, ""n_inner_iter"": 50, ""reg_strength"": 1.0, ""tol"": 1e-06}",scar,0.1,0.5,0.5,True,0,True,682,,384.9431565060513,,,,0.3915,False,0.3367226573292511,0.6989247311827957,0.1785248355511611,0.7450749999999999,0.6575,0.3031536113936928,0.6234923964341899,0.230758861717793,0.696388888888889,,requires predict_proba,,requires predict_proba,,4.125,success,
ldce,scar-pi0.1-scalemid,109,"{""centroid_radius"": 1.0, ""covariance_ridge"": 0.01, ""learning_rate"": 0.01, ""max_iter"": 10000, ""mom_groups"": 10, ""n_inner_iter"": 50, ""reg_strength"": 1.0, ""tol"": 1e-06}",scar,0.1,0.5,0.5,True,1,False,10000,,389.54675924888625,,,,,,,,,,,,,,,,,,,,55.5630000000001,nonconverged,explicit non-convergence
ldce,scar-pi0.1-scalemid,110,"{""centroid_radius"": 1.0, ""covariance_ridge"": 0.01, ""learning_rate"": 0.01, ""max_iter"": 10000, ""mom_groups"": 10, ""n_inner_iter"": 50, ""reg_strength"": 1.0, ""tol"": 1e-06}",scar,0.1,0.5,0.5,True,0,True,2168,,349.3313727855244,,,,0.388,False,0.35610132727676935,0.6091954022988506,0.1570091243038275,0.6843416666666667,0.635,0.2520491803278688,0.6220595922634605,0.21198195516597995,0.6261111111111111,,requires predict_proba,,requires predict_proba,,13.014999999999873,success,
ldce,scar-pi0.1-scalemid,111,"{""centroid_radius"": 1.0, ""covariance_ridge"": 0.01, ""learning_rate"": 0.01, ""max_iter"": 10000, ""mom_groups"": 10, ""n_inner_iter"": 50, ""reg_strength"": 1.0, ""tol"": 1e-06}",scar,0.1,0.5,0.5,True,0,True,3017,,397.2677883183111,,,,0.377,False,0.33248146752104535,0.6476190476190476,0.17178224074775802,0.6969027777777779,0.651,0.26834381551362685,0.6379947229551451,0.2022711107967352,0.6461111111111111,,requires predict_proba,,requires predict_proba,,18.297000000000025,success,
ldce,scar-pi0.1-scalemid,112,"{""centroid_radius"": 1.0, ""covariance_ridge"": 0.01, ""learning_rate"": 0.01, ""max_iter"": 10000, ""mom_groups"": 10, ""n_inner_iter"": 50, ""reg_strength"": 1.0, ""tol"": 1e-06}",scar,0.1,0.5,0.5,True,0,True,98,,369.69445547180015,,,,0.398,False,0.34619940667052485,0.6831683168316832,0.17165033086223194,0.6969694444444445,0.639,0.2751004016064257,0.6171669299631385,0.23508964112242176,0.6594444444444445,,requires predict_proba,,requires predict_proba,,0.6100000000001273,success,
ldce,scar-pi0.1-scalemid,113,"{""centroid_radius"": 1.0, ""covariance_ridge"": 0.01, ""learning_rate"": 0.01, ""max_iter"": 10000, ""mom_groups"": 10, ""n_inner_iter"": 50, ""reg_strength"": 1.0, ""tol"": 1e-06}",scar,0.1,0.5,0.5,True,0,True,2874,,372.59894990259,,,,0.3865,False,0.34700728283288385,0.6310679611650486,0.16327760961579527,0.683275,0.6375,0.25488180883864336,0.6267791249341065,0.21122433320803086,0.6297222222222223,,requires predict_proba,,requires predict_proba,,17.358999999999924,success,
ldce,scar-pi0.1-scalemid,114,"{""centroid_radius"": 1.0, ""covariance_ridge"": 0.01, ""learning_rate"": 0.01, ""max_iter"": 10000, ""mom_groups"": 10, ""n_inner_iter"": 50, ""reg_strength"": 1.0, ""tol"": 1e-06}",scar,0.1,0.5,0.5,True,0,True,3211,,395.68109435195424,,,,0.3725,False,0.3343314677887168,0.6153846153846154,0.16520392359318534,0.6916333333333333,0.6545,0.2687830687830688,0.6425916091343601,0.2208460915804792,0.6458333333333333,,requires predict_proba,,requires predict_proba,,19.53099999999995,success,
ldce,scar-pi0.1-scalemid,115,"{""centroid_radius"": 1.0, ""covariance_ridge"": 0.01, ""learning_rate"": 0.01, ""max_iter"": 10000, ""mom_groups"": 10, ""n_inner_iter"": 50, ""reg_strength"": 1.0, ""tol"": 1e-06}",scar,0.1,0.5,0.5,True,0,True,1493,,386.9894107192939,,,,0.379,False,0.3397954095511748,0.6261682242990654,0.1652158903163761,0.7038222222222222,0.649,0.267223382045929,0.6349709455890121,0.23561137297488183,0.645,,requires predict_proba,,requires predict_proba,,8.969000000000051,success,
ldce,scar-pi0.1-scalemid,116,"{""centroid_radius"": 1.0, ""covariance_ridge"": 0.01, ""learning_rate"": 0.01, ""max_iter"": 10000, ""mom_groups"": 10, ""n_inner_iter"": 50, ""reg_strength"": 1.0, ""tol"": 1e-06}",scar,0.1,0.5,0.5,True,0,True,126,,372.16674064031224,,,,0.3875,False,0.34217450677208694,0.6565656565656566,0.16943629846855654,0.717261111111111,0.6445,0.27076923076923076,0.6265123619147817,0.23071839387153326,0.6513888888888889,,requires predict_proba,,requires predict_proba,,0.7649999999998727,success,
ldce,scar-pi0.1-scalemid,117,"{""centroid_radius"": 1.0, ""covariance_ridge"": 0.01, ""learning_rate"": 0.01, ""max_iter"": 10000, ""mom_groups"": 10, ""n_inner_iter"": 50, ""reg_strength"": 1.0, ""tol"": 1e-06}",scar,0.1,0.5,0.5,True,0,True,3207,,370.3611632638939,,,,0.378,False,0.3549636764522648,0.5670103092783505,0.15000272732231495,0.6692444444444444,0.641,0.2489539748953975,0.6316342616920652,0.1862775935154813,0.6205555555555555,,requires predict_proba,,requires predict_proba,,19.53099999999995,success,
ldce,scar-pi0.1-scalemid,118,"{""centroid_radius"": 1.0, ""covariance_ridge"": 0.01, ""learning_rate"": 0.01, ""max_iter"": 10000, ""mom_groups"": 10, ""n_inner_iter"": 50, ""reg_strength"": 1.0, ""tol"": 1e-06}",scar,0.1,0.5,0.5,True,0,True,516,,390.9813777065643,,,,0.375,False,0.3324139801730889,0.6407766990291263,0.170873786407767,0.7031333333333333,0.647,0.25684210526315787,0.6394306800210859,0.19366107237688363,0.6305555555555555,,requires predict_proba,,requires predict_proba,,3.061999999999898,success,
ldce,scar-pi0.1-scalemid,119,"{""centroid_radius"": 1.0, ""covariance_ridge"": 0.01, ""learning_rate"": 0.01, ""max_iter"": 10000, ""mom_groups"": 10, ""n_inner_iter"": 50, ""reg_strength"": 1.0, ""tol"": 1e-06}",scar,0.1,0.5,0.5,True,0,True,1861,,379.8385170963106,,,,0.3895,False,0.31691946401436666,0.7684210526315789,0.19728396729950679,0.7180638888888888,0.6505,0.28600612870275793,0.6293963254593176,0.22377149015910186,0.6725,,requires predict_proba,,requires predict_proba,,11.469000000000051,success,
ldce,scar-pi0.3-scalesmall,100,"{""centroid_radius"": 1.0, ""covariance_ridge"": 0.01, ""learning_rate"": 0.01, ""max_iter"": 10000, ""mom_groups"": 10, ""n_inner_iter"": 50, ""reg_strength"": 1.0, ""tol"": 1e-06}",scar,0.3,0.5,0.5,True,0,True,1773,,172.68329050055496,,,,0.46,False,0.2807219197418834,0.7241379310344828,0.472263868065967,0.725029761904762,0.655,0.5460526315789473,0.5847953216374269,0.5290383407707749,0.6654761904761904,,requires predict_proba,,requires predict_proba,,5.5470000000000255,success,
ldce,scar-pi0.3-scalesmall,101,"{""centroid_radius"": 1.0, ""covariance_ridge"": 0.01, ""learning_rate"": 0.01, ""max_iter"": 10000, ""mom_groups"": 10, ""n_inner_iter"": 50, ""reg_strength"": 1.0, ""tol"": 1e-06}",scar,0.3,0.5,0.5,True,0,True,854,,143.51415041834994,,,,0.4575,False,0.26882352941176474,0.7333333333333333,0.48087431693989063,0.7436309523809524,0.6575,0.5478547854785478,0.5911764705882353,0.5918489265949739,0.6672619047619048,,requires predict_proba,,requires predict_proba,,2.75,success,
ldce,scar-pi0.3-scalesmall,102,"{""centroid_radius"": 1.0, ""covariance_ridge"": 0.01, ""learning_rate"": 0.01, ""max_iter"": 10000, ""mom_groups"": 10, ""n_inner_iter"": 50, ""reg_strength"": 1.0, ""tol"": 1e-06}",scar,0.3,0.5,0.5,True,0,True,757,,152.90967506010767,,,,0.4525,False,0.35517786561264825,0.6181818181818182,0.4098442993470618,0.702529761904762,0.6525,0.5382059800664452,0.5739130434782609,0.529052408053067,0.6589285714285715,,requires predict_proba,,requires predict_proba,,2.375,success,
ldce,scar-pi0.3-scalesmall,103,"{""centroid_radius"": 1.0, ""covariance_ridge"": 0.01, ""learning_rate"": 0.01, ""max_iter"": 10000, ""mom_groups"": 10, ""n_inner_iter"": 50, ""reg_strength"": 1.0, ""tol"": 1e-06}",scar,0.3,0.5,0.5,True,0,True,1360,,165.76939829233618,,,,0.445,False,0.263641140154998,0.7101449275362319,0.47874938935026873,0.7579464285714286,0.68,0.5704697986577181,0.6102719033232629,0.5696395945843332,0.6880952380952381,,requires predict_proba,,requires predict_proba,,4.233999999999924,success,
ldce,scar-pi0.3-scalesmall,104,"{""centroid_radius"": 1.0, ""covariance_ridge"": 0.01, ""learning_rate"": 0.01, ""max_iter"": 10000, ""mom_groups"": 10, ""n_inner_iter"": 50, ""reg_strength"": 1.0, ""tol"": 1e-06}",scar,0.3,0.5,0.5,True,0,True,2017,,180.67549353890203,,,,0.455,False,0.3057864523536165,0.676923076923077,0.44632290786136936,0.7001488095238094,0.645,0.5298013245033113,0.5880597014925373,0.5272405686498873,0.6511904761904761,,requires predict_proba,,requires predict_proba,,6.282000000000153,success,
ldce,scar-pi0.3-scalesmall,105,"{""centroid_radius"": 1.0, ""covariance_ridge"": 0.01, ""learning_rate"": 0.01, ""max_iter"": 10000, ""mom_groups"": 10, ""n_inner_iter"": 50, ""reg_strength"": 1.0, ""tol"": 1e-06}",scar,0.3,0.5,0.5,True,0,True,1862,,149.43012118383845,,,,0.4675,False,0.41,0.5666666666666667,0.3636363636363636,0.6111309523809524,0.5725,0.44299674267100975,0.55,0.3931442420341507,0.5708333333333333,,requires predict_proba,,requires predict_proba,,5.75,success,
ldce,scar-pi0.3-scalesmall,106,"{""centroid_radius"": 1.0, ""covariance_ridge"": 0.01, ""learning_rate"": 0.01, ""max_iter"": 10000, ""mom_groups"": 10, ""n_inner_iter"": 50, ""reg_strength"": 1.0, ""tol"": 1e-06}",scar,0.3,0.5,0.5,True,0,True,1135,,150.01138492395012,,,,0.4425,False,0.3435006680664248,0.6129032258064516,0.4155276107162384,0.6914880952380953,0.6375,0.5117845117845118,0.5887573964497042,0.45025749360317807,0.6363095238095238,,requires predict_proba,,requires predict_proba,,3.9220000000000255,success,
ldce,scar-pi0.3-scalesmall,107,"{""centroid_radius"": 1.0, ""covariance_ridge"": 0.01, ""learning_rate"": 0.01, ""max_iter"": 10000, ""mom_groups"": 10, ""n_inner_iter"": 50, ""reg_strength"": 1.0, ""tol"": 1e-06}",scar,0.3,0.5,0.5,True,0,True,631,,135.5852689028011,,,,0.45,False,0.4124999999999999,0.5416666666666666,0.36111111111111105,0.6206845238095239,0.595,0.46,0.5625,0.39043301291060584,0.5892857142857142,,requires predict_proba,,requires predict_proba,,2.7339999999999236,success,
ldce,scar-pi0.3-scalesmall,108,"{""centroid_radius"": 1.0, ""covariance_ridge"": 0.01, ""learning_rate"": 0.01, ""max_iter"": 10000, ""mom_groups"": 10, ""n_inner_iter"": 50, ""reg_strength"": 1.0, ""tol"": 1e-06}",scar,0.3,0.5,0.5,True,0,True,1574,,162.21423884358387,,,,0.4675,False,0.3617595048629531,0.6346153846153846,0.40723981900452483,0.6613392857142858,0.6075,0.48859934853420195,0.5574712643678161,0.48520296862874734,0.6125,,requires predict_proba,,requires predict_proba,,5.0470000000000255,success,
ldce,scar-pi0.3-scalesmall,109,"{""centroid_radius"": 1.0, ""covariance_ridge"": 0.01, ""learning_rate"": 0.01, ""max_iter"": 10000, ""mom_groups"": 10, ""n_inner_iter"": 50, ""reg_strength"": 1.0, ""tol"": 1e-06}",scar,0.3,0.5,0.5,True,0,True,8331,,161.59013792689737,,,,0.4275,False,0.3232262112859127,0.6119402985074627,0.42943178842628954,0.7026785714285714,0.6425,0.5085910652920962,0.6096096096096096,0.5212762859554426,0.6351190476190476,,requires predict_proba,,requires predict_proba,,25.907000000000153,success,
ldce,scar-pi0.3-scalesmall,110,"{""centroid_radius"": 1.0, ""covariance_ridge"": 0.01, ""learning_rate"": 0.01, ""max_iter"": 10000, ""mom_groups"": 10, ""n_inner_iter"": 50, ""reg_strength"": 1.0, ""tol"": 1e-06}",scar,0.3,0.5,0.5,True,0,True,1175,,168.46683167727915,,,,0.445,False,0.30356083086053415,0.6666666666666666,0.44943820224719094,0.7354166666666666,0.67,0.5570469798657718,0.5964391691394659,0.585469380967534,0.6761904761904762,,requires predict_proba,,requires predict_proba,,3.311999999999898,success,
ldce,scar-pi0.3-scalesmall,111,"{""centroid_radius"": 1.0, ""covariance_ridge"": 0.01, ""learning_rate"": 0.01, ""max_iter"": 10000, ""mom_groups"": 10, ""n_inner_iter"": 50, ""reg_strength"": 1.0, ""tol"": 1e-06}",scar,0.3,0.5,0.5,True,0,True,2857,,151.80151716344568,,,,0.4225,False,0.3441176470588235,0.5833333333333334,0.4142011834319527,0.6177380952380952,0.6275,0.4844290657439446,0.6058823529411764,0.41372086864918434,0.6148809523809524,,requires predict_proba,,requires predict_proba,,5.125,success,
ldce,scar-pi0.3-scalesmall,112,"{""centroid_radius"": 1.0, ""covariance_ridge"": 0.01, ""learning_rate"": 0.01, ""max_iter"": 10000, ""mom_groups"": 10, ""n_inner_iter"": 50, ""reg_strength"": 1.0, ""tol"": 1e-06}",scar,0.3,0.5,0.5,True,0,True,533,,167.20982939250612,,,,0.435,False,0.2840809314754725,0.6774193548387096,0.4671857619577308,0.7631845238095237,0.71,0.6054421768707483,0.6094674556213018,0.5858954590387239,0.719047619047619,,requires predict_proba,,requires predict_proba,,2.0160000000000764,success,
ldce,scar-pi0.3-scalesmall,113,"{""centroid_radius"": 1.0, ""covariance_ridge"": 0.01, ""learning_rate"": 0.01, ""max_iter"": 10000, ""mom_groups"": 10, ""n_inner_iter"": 50, ""reg_strength"": 1.0, ""tol"": 1e-06}",scar,0.3,0.5,0.5,True,0,True,754,,203.02336792919428,,,,0.425,False,0.36268398268398266,0.5571428571428572,0.3932773109243698,0.707827380952381,0.63,0.4896551724137931,0.603030303030303,0.5210492575158735,0.6190476190476191,,requires predict_proba,,requires predict_proba,,2.469000000000051,success,
ldce,scar-pi0.3-scalesmall,114,"{""centroid_radius"": 1.0, ""covariance_ridge"": 0.01, ""learning_rate"": 0.01, ""max_iter"": 10000, ""mom_groups"": 10, ""n_inner_iter"": 50, ""reg_strength"": 1.0, ""tol"": 1e-06}",scar,0.3,0.5,0.5,True,0,True,1469,,172.16080244442296,,,,0.4575,False,0.3899493632039282,0.5789473684210527,0.3796376186367558,0.6585416666666666,0.5975,0.46864686468646866,0.5626822157434402,0.4611197442153961,0.5958333333333333,,requires predict_proba,,requires predict_proba,,4.655999999999949,success,
ldce,scar-pi0.3-scalesmall,115,"{""centroid_radius"": 1.0, ""covariance_ridge"": 0.01, ""learning_rate"": 0.01, ""max_iter"": 10000, ""mom_groups"": 10, ""n_inner_iter"": 50, ""reg_strength"": 1.0, ""tol"": 1e-06}",scar,0.3,0.5,0.5,True,0,True,532,,171.08141688472628,,,,0.4575,False,0.21666576042629554,0.8113207547169812,0.5320136096504794,0.7013095238095237,0.6425,0.528052805280528,0.5965417867435159,0.5023583651797924,0.6494047619047618,,requires predict_proba,,requires predict_proba,,1.6399999999998727,success,
ldce,scar-pi0.3-scalesmall,116,"{""centroid_radius"": 1.0, ""covariance_ridge"": 0.01, ""learning_rate"": 0.01, ""max_iter"": 10000, ""mom_groups"": 10, ""n_inner_iter"": 50, ""reg_strength"": 1.0, ""tol"": 1e-06}",scar,0.3,0.5,0.5,True,0,True,1760,,160.25738610219574,,,,0.45,False,0.29700438038716964,0.6825396825396826,0.455026455026455,0.7053571428571428,0.67,0.56,0.5934718100890207,0.5005893937577688,0.6785714285714286,,requires predict_proba,,requires predict_proba,,5.391000000000076,success,
ldce,scar-pi0.3-scalesmall,117,"{""centroid_radius"": 1.0, ""covariance_ridge"": 0.01, ""learning_rate"": 0.01, ""max_iter"": 10000, ""mom_groups"": 10, ""n_inner_iter"": 50, ""reg_strength"": 1.0, ""tol"": 1e-06}",scar,0.3,0.5,0.5,True,0,True,1990,,171.98282882350057,,,,0.4675,False,0.25563418617310835,0.7575757575757576,0.4861448711716091,0.7015773809523809,0.6625,0.5602605863192183,0.5898203592814372,0.5017133494389457,0.6779761904761905,,requires predict_proba,,requires predict_proba,,7.438000000000102,success,
ldce,scar-pi0.3-scalesmall,118,"{""centroid_radius"": 1.0, ""covariance_ridge"": 0.01, ""learning_rate"": 0.01, ""max_iter"": 10000, ""mom_groups"": 10, ""n_inner_iter"": 50, ""reg_strength"": 1.0, ""tol"": 1e-06}",scar,0.3,0.5,0.5,True,0,True,683,,152.95111144852396,,,,0.45,False,0.3861913937058446,0.5740740740740741,0.38271604938271603,0.6821428571428572,0.625,0.5,0.569364161849711,0.48360612329052555,0.625,,requires predict_proba,,requires predict_proba,,2.1410000000000764,success,
ldce,scar-pi0.3-scalesmall,119,"{""centroid_radius"": 1.0, ""covariance_ridge"": 0.01, ""learning_rate"": 0.01, ""max_iter"": 10000, ""mom_groups"": 10, ""n_inner_iter"": 50, ""reg_strength"": 1.0, ""tol"": 1e-06}",scar,0.3,0.5,0.5,True,0,True,1683,,161.68989413759854,,,,0.445,False,0.2998338870431894,0.6785714285714286,0.45746388443017655,0.7044642857142858,0.655,0.5369127516778524,0.5930232558139535,0.510660253669801,0.6583333333333333,,requires predict_proba,,requires predict_proba,,5.3279999999999745,success,
ldce,scar-pi0.3-scalemid,100,"{""centroid_radius"": 1.0, ""covariance_ridge"": 0.01, ""learning_rate"": 0.01, ""max_iter"": 10000, ""mom_groups"": 10, ""n_inner_iter"": 50, ""reg_strength"": 1.0, ""tol"": 1e-06}",scar,0.3,0.5,0.5,True,0,True,458,,205.35163176990315,,,,0.467,False,0.3508627110228401,0.6414473684210527,0.4120646906345092,0.6780738095238096,0.622,0.5071707953063885,0.5642688679245284,0.47779194515520196,0.6295238095238096,,requires predict_proba,,requires predict_proba,,2.780999999999949,success,
ldce,scar-pi0.3-scalemid,101,"{""centroid_radius"": 1.0, ""covariance_ridge"": 0.01, ""learning_rate"": 0.01, ""max_iter"": 10000, ""mom_groups"": 10, ""n_inner_iter"": 50, ""reg_strength"": 1.0, ""tol"": 1e-06}",scar,0.3,0.5,0.5,True,0,True,3191,,185.37006808283434,,,,0.453,False,0.3561844319055631,0.6173285198555957,0.40882683434145406,0.6496690476190475,0.606,0.4767596281540505,0.5734184561810796,0.4435898329995957,0.6038095238095238,,requires predict_proba,,requires predict_proba,,19.827999999999975,success,
ldce,scar-pi0.3-scalemid,102,"{""centroid_radius"": 1.0, ""covariance_ridge"": 0.01, ""learning_rate"": 0.01, ""max_iter"": 10000, ""mom_groups"": 10, ""n_inner_iter"": 50, ""reg_strength"": 1.0, ""tol"": 1e-06}",scar,0.3,0.5,0.5,True,0,True,3569,,199.71819142660433,,,,0.4515,False,0.3202636880242942,0.6550632911392406,0.43525800075697046,0.6716,0.6115,0.48303393213572854,0.5866983372921615,0.4536370266075722,0.6096428571428572,,requires predict_proba,,requires predict_proba,,21.608999999999924,success,
ldce,scar-pi0.3-scalemid,103,"{""centroid_radius"": 1.0, ""covariance_ridge"": 0.01, ""learning_rate"": 0.01, ""max_iter"": 10000, ""mom_groups"": 10, ""n_inner_iter"": 50, ""reg_strength"": 1.0, ""tol"": 1e-06}",scar,0.3,0.5,0.5,True,0,True,3077,,184.75307662949442,,,,0.457,False,0.36174065420560747,0.6145833333333334,0.40344638949671774,0.6656071428571428,0.611,0.4861294583883752,0.5695093457943925,0.44661962135429145,0.6116666666666666,,requires predict_proba,,requires predict_proba,,18.5,success,
ldce,scar-pi0.3-scalemid,104,"{""centroid_radius"": 1.0, ""covariance_ridge"": 0.01, ""learning_rate"": 0.01, ""max_iter"": 10000, ""mom_groups"": 10, ""n_inner_iter"": 50, ""reg_strength"": 1.0, ""tol"": 1e-06}",scar,0.3,0.5,0.5,True,0,True,4885,,196.71790568609552,,,,0.4515,False,0.3625357142170001,0.6026058631921825,0.40040256690510456,0.6773488095238096,0.6195,0.49367930805056554,0.5759007678676905,0.4488879673612251,0.6191666666666666,,requires predict_proba,,requires predict_proba,,30.077999999999975,success,
ldce,scar-pi0.3-scalemid,105,"{""centroid_radius"": 1.0, ""covariance_ridge"": 0.01, ""learning_rate"": 0.01, ""max_iter"": 10000, ""mom_groups"": 10, ""n_inner_iter"": 50, ""reg_strength"": 1.0, ""tol"": 1e-06}",scar,0.3,0.5,0.5,True,0,True,2712,,187.85794311971412,,,,0.4465,False,0.3423037438644894,0.6232876712328768,0.41878230989890936,0.647247619047619,0.6135,0.4822505023442733,0.5837236533957846,0.45556433909655847,0.6096428571428572,,requires predict_proba,,requires predict_proba,,17.875,success,
ldce,scar-pi0.3-scalemid,106,"{""centroid_radius"": 1.0, ""covariance_ridge"": 0.01, ""learning_rate"": 0.01, ""max_iter"": 10000, ""mom_groups"": 10, ""n_inner_iter"": 50, ""reg_strength"": 1.0, ""tol"": 1e-06}",scar,0.3,0.5,0.5,True,0,True,1422,,187.62351213557892,,,,0.4815,False,0.3432025647322661,0.6720257234726688,0.4187076158708216,0.6746285714285715,0.6145,0.5067178502879078,0.5535820011841326,0.453033071958833,0.6275,,requires predict_proba,,requires predict_proba,,8.592999999999847,success,
ldce,scar-pi0.3-scalemid,107,"{""centroid_radius"": 1.0, ""covariance_ridge"": 0.01, ""learning_rate"": 0.01, ""max_iter"": 10000, ""mom_groups"": 10, ""n_inner_iter"": 50, ""reg_strength"": 1.0, ""tol"": 1e-06}",scar,0.3,0.5,0.5,True,0,True,5958,,186.28435724300556,,,,0.449,False,0.3374923469024533,0.6341463414634146,0.4237057960780053,0.6528964285714286,0.614,0.48464619492656874,0.5820198482194979,0.44321840496601117,0.6114285714285714,,requires predict_proba,,requires predict_proba,,31.561999999999898,success,
ldce,scar-pi0.3-scalemid,108,"{""centroid_radius"": 1.0, ""covariance_ridge"": 0.01, ""learning_rate"": 0.01, ""max_iter"": 10000, ""mom_groups"": 10, ""n_inner_iter"": 50, ""reg_strength"": 1.0, ""tol"": 1e-06}",scar,0.3,0.5,0.5,True,0,True,3567,,202.99085510978045,,,,0.4455,False,0.3567854046114916,0.6020066889632107,0.40539170973953587,0.6537321428571428,0.6175,0.4869215291750503,0.582010582010582,0.4409962571880825,0.6139285714285714,,requires predict_proba,,requires predict_proba,,21.703999999999724,success,
ldce,scar-pi0.3-scalemid,109,"{""centroid_radius"": 1.0, ""covariance_ridge"": 0.01, ""learning_rate"": 0.01, ""max_iter"": 10000, ""mom_groups"": 10, ""n_inner_iter"": 50, ""reg_strength"": 1.0, ""tol"": 1e-06}",scar,0.3,0.5,0.5,True,1,False,10000,,212.17329068532592,,,,,,,,,,,,,,,,,,,,61.23400000000038,nonconverged,explicit non-convergence
ldce,scar-pi0.3-scalemid,110,"{""centroid_radius"": 1.0, ""covariance_ridge"": 0.01, ""learning_rate"": 0.01, ""max_iter"": 10000, ""mom_groups"": 10, ""n_inner_iter"": 50, ""reg_strength"": 1.0, ""tol"": 1e-06}",scar,0.3,0.5,0.5,True,0,True,5584,,175.04065888048598,,,,0.456,False,0.37358079493435387,0.5979020979020979,0.39335664335664333,0.6404380952380953,0.603,0.4748677248677249,0.5676779463243874,0.4282794062489048,0.6016666666666667,,requires predict_proba,,requires predict_proba,,38.35900000000038,success,
ldce,scar-pi0.3-scalemid,111,"{""centroid_radius"": 1.0, ""covariance_ridge"": 0.01, ""learning_rate"": 0.01, ""max_iter"": 10000, ""mom_groups"": 10, ""n_inner_iter"": 50, ""reg_strength"": 1.0, ""tol"": 1e-06}",scar,0.3,0.5,0.5,True,0,True,257,,203.23805389238183,,,,0.4515,False,0.3169305471010902,0.6643598615916955,0.44143512398119295,0.6833904761904762,0.6335,0.5123087159015303,0.5844535359438925,0.47618908731675885,0.6358333333333334,,requires predict_proba,,requires predict_proba,,1.5619999999998981,success,
ldce,scar-pi0.3-scalemid,112,"{""centroid_radius"": 1.0, ""covariance_ridge"": 0.01, ""learning_rate"": 0.01, ""max_iter"": 10000, ""mom_groups"": 10, ""n_inner_iter"": 50, ""reg_strength"": 1.0, ""tol"": 1e-06}",scar,0.3,0.5,0.5,True,0,True,2706,,189.3748878932253,,,,0.4625,False,0.3368235294117647,0.6533333333333333,0.42378378378378373,0.6652892857142858,0.6165,0.4970491803278689,0.5711764705882353,0.47112829805218837,0.6208333333333333,,requires predict_proba,,requires predict_proba,,16.453999999999724,success,
ldce,scar-pi0.3-scalemid,113,"{""centroid_radius"": 1.0, ""covariance_ridge"": 0.01, ""learning_rate"": 0.01, ""max_iter"": 10000, ""mom_groups"": 10, ""n_inner_iter"": 50, ""reg_strength"": 1.0, ""tol"": 1e-06}",scar,0.3,0.5,0.5,True,0,True,1536,,194.7087313750979,,,,0.4465,False,0.3518645255005081,0.6084142394822006,0.40878896269800713,0.6932928571428572,0.6285,0.5023442732752846,0.5830869308101715,0.4940906848215173,0.6275,,requires predict_proba,,requires predict_proba,,9.342999999999847,success,
ldce,scar-pi0.3-scalemid,114,"{""centroid_radius"": 1.0, ""covariance_ridge"": 0.01, ""learning_rate"": 0.01, ""max_iter"": 10000, ""mom_groups"": 10, ""n_inner_iter"": 50, ""reg_strength"": 1.0, ""tol"": 1e-06}",scar,0.3,0.5,0.5,True,0,True,4187,,212.6683970202975,,,,0.4525,False,0.31452209920782176,0.6625386996904025,0.43925217659032206,0.6959726190476191,0.6395,0.5209302325581395,0.5879546809779368,0.48954389898461703,0.6434523809523809,,requires predict_proba,,requires predict_proba,,21.51599999999962,success,
ldce,scar-pi0.3-scalemid,115,"{""centroid_radius"": 1.0, ""covariance_ridge"": 0.01, ""learning_rate"": 0.01, ""max_iter"": 10000, ""mom_groups"": 10, ""n_inner_iter"": 50, ""reg_strength"": 1.0, ""tol"": 1e-06}",scar,0.3,0.5,0.5,True,0,True,1990,,205.9397516628362,,,,0.4485,False,0.3232683193583668,0.6474358974358975,0.4330674899236772,0.6822547619047619,0.6315,0.5076820307281229,0.5882701421800948,0.4674410914346354,0.6320238095238095,,requires predict_proba,,requires predict_proba,,11.890999999999622,success,
ldce,scar-pi0.3-scalemid,116,"{""centroid_radius"": 1.0, ""covariance_ridge"": 0.01, ""learning_rate"": 0.01, ""max_iter"": 10000, ""mom_groups"": 10, ""n_inner_iter"": 50, ""reg_strength"": 1.0, ""tol"": 1e-06}",scar,0.3,0.5,0.5,True,0,True,1133,,194.32782656484994,,,,0.459,False,0.3193515639130206,0.66996699669967,0.4378869259474967,0.6799321428571429,0.628,0.5098814229249012,0.5786682380671774,0.4675696795839992,0.6328571428571428,,requires predict_proba,,requires predict_proba,,6.719000000000051,success,
ldce,scar-pi0.3-scalemid,117,"{""centroid_radius"": 1.0, ""covariance_ridge"": 0.01, ""learning_rate"": 0.01, ""max_iter"": 10000, ""mom_groups"": 10, ""n_inner_iter"": 50, ""reg_strength"": 1.0, ""tol"": 1e-06}",scar,0.3,0.5,0.5,True,0,True,1973,,189.27421036424082,,,,0.448,False,0.3295127686015508,0.6402640264026402,0.42874823196605366,0.6920226190476191,0.641,0.5200534759358288,0.586328815556865,0.4955103449871471,0.6430952380952382,,requires predict_proba,,requires predict_proba,,11.905999999999949,success,
ldce,scar-pi0.3-scalemid,118,"{""centroid_radius"": 1.0, ""covariance_ridge"": 0.01, ""learning_rate"": 0.01, ""max_iter"": 10000, ""mom_groups"": 10, ""n_inner_iter"": 50, ""reg_strength"": 1.0, ""tol"": 1e-06}",scar,0.3,0.5,0.5,True,0,True,3223,,210.09802775571222,,,,0.468,False,0.33676344783634665,0.6601941747572816,0.4232013940751805,0.6991559523809524,0.636,0.5260416666666666,0.5671200473092844,0.5002258049968462,0.6466666666666667,,requires predict_proba,,requires predict_proba,,19.34400000000005,success,
ldce,scar-pi0.3-scalemid,119,"{""centroid_radius"": 1.0, ""covariance_ridge"": 0.01, ""learning_rate"": 0.01, ""max_iter"": 10000, ""mom_groups"": 10, ""n_inner_iter"": 50, ""reg_strength"": 1.0, ""tol"": 1e-06}",scar,0.3,0.5,0.5,True,0,True,1216,,193.56800430267032,,,,0.444,False,0.3400906813029471,0.6228373702422145,0.4208360609744693,0.6377059523809525,0.601,0.4637096774193548,0.5862068965517241,0.42624272255751305,0.5935714285714285,,requires predict_proba,,requires predict_proba,,7.844000000000051,success,
ldce,scar-pi0.5-scalesmall,100,"{""centroid_radius"": 1.0, ""covariance_ridge"": 0.01, ""learning_rate"": 0.01, ""max_iter"": 10000, ""mom_groups"": 10, ""n_inner_iter"": 50, ""reg_strength"": 1.0, ""tol"": 1e-06}",scar,0.5,0.5,0.5,True,0,True,2228,,37.15748071035315,,,,0.5075,False,0.3906868410913804,0.5913978494623656,0.5826579797658775,0.6193500000000001,0.5825,0.5856079404466501,0.5179153094462541,0.5843464428613715,0.5825,,requires predict_proba,,requires predict_proba,,7.108999999999469,success,
ldce,scar-pi0.5-scalesmall,101,"{""centroid_radius"": 1.0, ""covariance_ridge"": 0.01, ""learning_rate"": 0.01, ""max_iter"": 10000, ""mom_groups"": 10, ""n_inner_iter"": 50, ""reg_strength"": 1.0, ""tol"": 1e-06}",scar,0.5,0.5,0.5,True,0,True,1703,,25.577365211290502,,,,0.54,False,0.32824674219999317,0.6701030927835051,0.6204658266513936,0.667475,0.625,0.6394230769230769,0.5016501650165016,0.6674995240965013,0.625,,requires predict_proba,,requires predict_proba,,5.280999999999949,success,
ldce,scar-pi0.5-scalesmall,102,"{""centroid_radius"": 1.0, ""covariance_ridge"": 0.01, ""learning_rate"": 0.01, ""max_iter"": 10000, ""mom_groups"": 10, ""n_inner_iter"": 50, ""reg_strength"": 1.0, ""tol"": 1e-06}",scar,0.5,0.5,0.5,True,0,True,1000,,39.97899623285888,,,,0.52,False,0.35878720762441696,0.6262626262626263,0.6021756021756022,0.5877750000000002,0.54,0.5490196078431373,0.5149501661129569,0.6386736539114278,0.54,,requires predict_proba,,requires predict_proba,,3.0469999999995707,success,
ldce,scar-pi0.5-scalesmall,103,"{""centroid_radius"": 1.0, ""covariance_ridge"": 0.01, ""learning_rate"": 0.01, ""max_iter"": 10000, ""mom_groups"": 10, ""n_inner_iter"": 50, ""reg_strength"": 1.0, ""tol"": 1e-06}",scar,0.5,0.5,0.5,True,0,True,1091,,38.16266559128168,,,,0.5225,False,0.256403304519792,0.7009345794392523,0.6707507937217726,0.7354750000000001,0.6825,0.6894865525672371,0.5426621160409556,0.7108725697633952,0.6825,,requires predict_proba,,requires predict_proba,,3.358999999999469,success,
ldce,scar-pi0.5-scalesmall,104,"{""centroid_radius"": 1.0, ""covariance_ridge"": 0.01, ""learning_rate"": 0.01, ""max_iter"": 10000, ""mom_groups"": 10, ""n_inner_iter"": 50, ""reg_strength"": 1.0, ""tol"": 1e-06}",scar,0.5,0.5,0.5,True,0,True,7173,,45.712260391499626,,,,0.48,False,0.3950103950103949,0.5576923076923077,0.5809294871794872,0.5620999999999999,0.545,0.5357142857142857,0.5472972972972973,0.5576162552517833,0.5449999999999999,,requires predict_proba,,requires predict_proba,,22.28099999999995,success,
ldce,scar-pi0.5-scalesmall,105,"{""centroid_radius"": 1.0, ""covariance_ridge"": 0.01, ""learning_rate"": 0.01, ""max_iter"": 10000, ""mom_groups"": 10, ""n_inner_iter"": 50, ""reg_strength"": 1.0, ""tol"": 1e-06}",scar,0.5,0.5,0.5,True,0,True,1639,,35.319254634877254,,,,0.5175,False,0.4108248617503891,0.5841584158415841,0.5644042665136079,0.6604,0.6225,0.628992628992629,0.5050167224080268,0.6620474687590535,0.6225,,requires predict_proba,,requires predict_proba,,5.0460000000002765,success,
ldce,scar-pi0.5-scalesmall,106,"{""centroid_radius"": 1.0, ""covariance_ridge"": 0.01, ""learning_rate"": 0.01, ""max_iter"": 10000, ""mom_groups"": 10, ""n_inner_iter"": 50, ""reg_strength"": 1.0, ""tol"": 1e-06}",scar,0.5,0.5,0.5,True,0,True,1738,,28.197362865917885,,,,0.465,False,0.46100086281276964,0.49473684210526314,0.5319750990379173,0.5227499999999999,0.51,0.49222797927461137,0.5442622950819672,0.5116785466513092,0.51,,requires predict_proba,,requires predict_proba,,5.484999999999673,success,
ldce,scar-pi0.5-scalesmall,107,"{""centroid_radius"": 1.0, ""covariance_ridge"": 0.01, ""learning_rate"": 0.01, ""max_iter"": 10000, ""mom_groups"": 10, ""n_inner_iter"": 50, ""reg_strength"": 1.0, ""tol"": 1e-06}",scar,0.5,0.5,0.5,True,0,True,600,,21.516359156415415,,,,0.5125,False,0.4150508920623863,0.5802469135802469,0.5660945498343873,0.65045,0.5925,0.5975308641975309,0.5047021943573667,0.6637266241442865,0.5925,,requires predict_proba,,requires predict_proba,,1.9220000000004802,success,
ldce,scar-pi0.5-scalesmall,108,"{""centroid_radius"": 1.0, ""covariance_ridge"": 0.01, ""learning_rate"": 0.01, ""max_iter"": 10000, ""mom_groups"": 10, ""n_inner_iter"": 50, ""reg_strength"": 1.0, ""tol"": 1e-06}",scar,0.5,0.5,0.5,True,0,True,464,,41.67575003093115,,,,0.4775,False,0.4076389618577283,0.5483870967741935,0.5742273264651241,0.55155,0.5425,0.5319693094629157,0.5439739413680782,0.5590406011735751,0.5425,,requires predict_proba,,requires predict_proba,,1.4530000000004293,success,
ldce,scar-pi0.5-scalesmall,109,"{""centroid_radius"": 1.0, ""covariance_ridge"": 0.01, ""learning_rate"": 0.01, ""max_iter"": 10000, ""mom_groups"": 10, ""n_inner_iter"": 50, ""reg_strength"": 1.0, ""tol"": 1e-06}",scar,0.5,0.5,0.5,True,0,True,505,,37.245672076122425,,,,0.495,False,0.43442515772612866,0.5436893203883495,0.5491811317054035,0.5936,0.58,0.5778894472361809,0.5218855218855218,0.6230932705602577,0.58,,requires predict_proba,,requires predict_proba,,1.5470000000004802,success,
ldce,scar-pi0.5-scalesmall,110,"{""centroid_radius"": 1.0, ""covariance_ridge"": 0.01, ""learning_rate"": 0.01, ""max_iter"": 10000, ""mom_groups"": 10, ""n_inner_iter"": 50, ""reg_strength"": 1.0, ""tol"": 1e-06}",scar,0.5,0.5,0.5,True,0,True,1469,,49.66974499237945,,,,0.5125,False,0.34031251021542286,0.6310679611650486,0.6156760596732181,0.6538499999999999,0.6075,0.6123456790123457,0.5286195286195287,0.6593453681994069,0.6074999999999999,,requires predict_proba,,requires predict_proba,,4.5460000000002765,success,
ldce,scar-pi0.5-scalesmall,111,"{""centroid_radius"": 1.0, ""covariance_ridge"": 0.01, ""learning_rate"": 0.01, ""max_iter"": 10000, ""mom_groups"": 10, ""n_inner_iter"": 50, ""reg_strength"": 1.0, ""tol"": 1e-06}",scar,0.5,0.5,0.5,True,0,True,3521,,38.690033323430775,,,,0.5275,False,0.2833333333333333,0.69,0.6540284360189573,0.7196,0.6575,0.6666666666666666,0.5266666666666666,0.7155885041667404,0.6575,,requires predict_proba,,requires predict_proba,,11.0,success,
ldce,scar-pi0.5-scalesmall,112,"{""centroid_radius"": 1.0, ""covariance_ridge"": 0.01, ""learning_rate"": 0.01, ""max_iter"": 10000, ""mom_groups"": 10, ""n_inner_iter"": 50, ""reg_strength"": 1.0, ""tol"": 1e-06}",scar,0.5,0.5,0.5,True,0,True,3414,,37.65027306223999,,,,0.4825,False,0.3894929360045639,0.5656565656565656,0.5861726068979954,0.5501499999999999,0.5375,0.5292620865139949,0.5448504983388704,0.5800142103766543,0.5375000000000001,,requires predict_proba,,requires predict_proba,,10.5,success,
ldce,scar-pi0.5-scalesmall,113,"{""centroid_radius"": 1.0, ""covariance_ridge"": 0.01, ""learning_rate"": 0.01, ""max_iter"": 10000, ""mom_groups"": 10, ""n_inner_iter"": 50, ""reg_strength"": 1.0, ""tol"": 1e-06}",scar,0.5,0.5,0.5,True,0,True,744,,55.392986059735556,,,,0.5125,False,0.3902841197361745,0.5925925925925926,0.5781391147244807,0.6052,0.5825,0.5876543209876544,0.5171232876712328,0.6011224174184278,0.5825,,requires predict_proba,,requires predict_proba,,2.313000000000102,success,
ldce,scar-pi0.5-scalesmall,114,"{""centroid_radius"": 1.0, ""covariance_ridge"": 0.01, ""learning_rate"": 0.01, ""max_iter"": 10000, ""mom_groups"": 10, ""n_inner_iter"": 50, ""reg_strength"": 1.0, ""tol"": 1e-06}",scar,0.5,0.5,0.5,True,0,True,230,,52.421903947575125,,,,0.5025,False,0.3717594420318463,0.5980392156862745,0.5950638962052484,0.65845,0.6125,0.6134663341645885,0.5302013422818792,0.640912909082371,0.6125,,requires predict_proba,,requires predict_proba,,0.7179999999998472,success,
ldce,scar-pi0.5-scalesmall,115,"{""centroid_radius"": 1.0, ""covariance_ridge"": 0.01, ""learning_rate"": 0.01, ""max_iter"": 10000, ""mom_groups"": 10, ""n_inner_iter"": 50, ""reg_strength"": 1.0, ""tol"": 1e-06}",scar,0.5,0.5,0.5,True,0,True,524,,46.9054079926466,,,,0.46,False,0.4268334771354616,0.5157894736842106,0.5606407322654463,0.60655,0.59,0.5729166666666666,0.5573770491803278,0.6016729105929491,0.5900000000000001,,requires predict_proba,,requires predict_proba,,1.625,success,
ldce,scar-pi0.5-scalesmall,116,"{""centroid_radius"": 1.0, ""covariance_ridge"": 0.01, ""learning_rate"": 0.01, ""max_iter"": 10000, ""mom_groups"": 10, ""n_inner_iter"": 50, ""reg_strength"": 1.0, ""tol"": 1e-06}",scar,0.5,0.5,0.5,True,0,True,3770,,40.82980528811978,,,,0.5225,False,0.35617433414043587,0.6285714285714286,0.6015037593984963,0.6219,0.5725,0.5819070904645477,0.5152542372881356,0.6463201119035311,0.5725,,requires predict_proba,,requires predict_proba,,11.608999999999469,success,
ldce,scar-pi0.5-scalesmall,117,"{""centroid_radius"": 1.0, ""covariance_ridge"": 0.01, ""learning_rate"": 0.01, ""max_iter"": 10000, ""mom_groups"": 10, ""n_inner_iter"": 50, ""reg_strength"": 1.0, ""tol"": 1e-06}",scar,0.5,0.5,0.5,True,0,True,7035,,36.79965949994638,,,,0.5075,False,0.31532937346890844,0.6464646464646465,0.6369109817385681,0.6902250000000001,0.6125,0.6153846153846154,0.5382059800664452,0.6896210493781094,0.6125,,requires predict_proba,,requires predict_proba,,22.10899999999947,success,
ldce,scar-pi0.5-scalesmall,118,"{""centroid_radius"": 1.0, ""covariance_ridge"": 0.01, ""learning_rate"": 0.01, ""max_iter"": 10000, ""mom_groups"": 10, ""n_inner_iter"": 50, ""reg_strength"": 1.0, ""tol"": 1e-06}",scar,0.5,0.5,0.5,True,1,False,10000,,35.3480144021612,,,,,,,,,,,,,,,,,,,,30.89099999999962,nonconverged,explicit non-convergence
ldce,scar-pi0.5-scalesmall,119,"{""centroid_radius"": 1.0, ""covariance_ridge"": 0.01, ""learning_rate"": 0.01, ""max_iter"": 10000, ""mom_groups"": 10, ""n_inner_iter"": 50, ""reg_strength"": 1.0, ""tol"": 1e-06}",scar,0.5,0.5,0.5,True,0,True,998,,30.051218835142084,,,,0.475,False,0.5274033476521995,0.45348837209302323,0.4773561811505508,0.523775,0.52,0.5076923076923077,0.5191082802547771,0.5356331900025483,0.52,,requires predict_proba,,requires predict_proba,,1.7650000000003274,success,
ldce,scar-pi0.5-scalemid,100,"{""centroid_radius"": 1.0, ""covariance_ridge"": 0.01, ""learning_rate"": 0.01, ""max_iter"": 10000, ""mom_groups"": 10, ""n_inner_iter"": 50, ""reg_strength"": 1.0, ""tol"": 1e-06}",scar,0.5,0.5,0.5,True,0,True,2540,,48.34711871102446,,,,0.5075,False,0.3903104631124593,0.5905349794238683,0.5818078615013482,0.6486739999999999,0.6115,0.6143920595533499,0.5191545574636723,0.6438628309501011,0.6114999999999999,,requires predict_proba,,requires predict_proba,,11.734999999999673,success,
ldce,scar-pi0.5-scalemid,101,"{""centroid_radius"": 1.0, ""covariance_ridge"": 0.01, ""learning_rate"": 0.01, ""max_iter"": 10000, ""mom_groups"": 10, ""n_inner_iter"": 50, ""reg_strength"": 1.0, ""tol"": 1e-06}",scar,0.5,0.5,0.5,True,0,True,7337,,45.801423845522365,,,,0.505,False,0.3558947579835309,0.6153846153846154,0.6092916984006094,0.6233090000000001,0.59,0.5920398009950248,0.5287206266318538,0.5975815899748236,0.59,,requires predict_proba,,requires predict_proba,,45.26599999999962,success,
ldce,scar-pi0.5-scalemid,102,"{""centroid_radius"": 1.0, ""covariance_ridge"": 0.01, ""learning_rate"": 0.01, ""max_iter"": 10000, ""mom_groups"": 10, ""n_inner_iter"": 50, ""reg_strength"": 1.0, ""tol"": 1e-06}",scar,0.5,0.5,0.5,True,0,True,736,,52.10587977477775,,,,0.4895,False,0.4231649219582523,0.5465116279069767,0.5582345535311305,0.57056,0.5395,0.5346134411318848,0.5303234501347709,0.5596984452224532,0.5395000000000001,,requires predict_proba,,requires predict_proba,,4.515000000000327,success,
ldce,scar-pi0.5-scalemid,103,"{""centroid_radius"": 1.0, ""covariance_ridge"": 0.01, ""learning_rate"": 0.01, ""max_iter"": 10000, ""mom_groups"": 10, ""n_inner_iter"": 50, ""reg_strength"": 1.0, ""tol"": 1e-06}",scar,0.5,0.5,0.5,True,0,True,3979,,45.227533437481405,,,,0.5015,False,0.3832404590623042,0.5900621118012422,0.5882972201408199,0.59809,0.5745,0.5751372940589117,0.5266974291364536,0.5758834766352809,0.5745,,requires predict_proba,,requires predict_proba,,24.64099999999962,success,
ldce,scar-pi0.5-scalemid,104,"{""centroid_radius"": 1.0, ""covariance_ridge"": 0.01, ""learning_rate"": 0.01, ""max_iter"": 10000, ""mom_groups"": 10, ""n_inner_iter"": 50, ""reg_strength"": 1.0, ""tol"": 1e-06}",scar,0.5,0.5,0.5,True,0,True,2541,,51.03824768142535,,,,0.5145,False,0.33365945509336314,0.6385068762278978,0.6205120274323594,0.627912,0.6055,0.6111384918679152,0.5278336686787392,0.5991010381907631,0.6054999999999999,,requires predict_proba,,requires predict_proba,,15.467999999999847,success,
ldce,scar-pi0.5-scalemid,105,"{""centroid_radius"": 1.0, ""covariance_ridge"": 0.01, ""learning_rate"": 0.01, ""max_iter"": 10000, ""mom_groups"": 10, ""n_inner_iter"": 50, ""reg_strength"": 1.0, ""tol"": 1e-06}",scar,0.5,0.5,0.5,True,0,True,2323,,48.13297061073441,,,,0.51,False,0.42146460914062467,0.5688622754491018,0.5577081131853939,0.578434,0.549,0.5534653465346535,0.5096731154102735,0.5712567563486388,0.549,,requires predict_proba,,requires predict_proba,,14.530999999999949,success,
ldce,scar-pi0.5-scalemid,106,"{""centroid_radius"": 1.0, ""covariance_ridge"": 0.01, ""learning_rate"": 0.01, ""max_iter"": 10000, ""mom_groups"": 10, ""n_inner_iter"": 50, ""reg_strength"": 1.0, ""tol"": 1e-06}",scar,0.5,0.5,0.5,True,0,True,168,,47.97335404196866,,,,0.508,False,0.38588987210844294,0.5929549902152642,0.5836171163536065,0.599512,0.582,0.5853174603174603,0.5211551376762928,0.5792332141062921,0.582,,requires predict_proba,,requires predict_proba,,1.0469999999995707,success,
ldce,scar-pi0.5-scalemid,107,"{""centroid_radius"": 1.0, ""covariance_ridge"": 0.01, ""learning_rate"": 0.01, ""max_iter"": 10000, ""mom_groups"": 10, ""n_inner_iter"": 50, ""reg_strength"": 1.0, ""tol"": 1e-06}",scar,0.5,0.5,0.5,True,0,True,187,,44.75015648702173,,,,0.5095,False,0.3483410714261479,0.6242299794661191,0.6125907551188609,0.6547000000000001,0.6135,0.6171371966319961,0.527428949107733,0.647103387959273,0.6134999999999999,,requires predict_proba,,requires predict_proba,,1.125,success,
ldce,scar-pi0.5-scalemid,108,"{""centroid_radius"": 1.0, ""covariance_ridge"": 0.01, ""learning_rate"": 0.01, ""max_iter"": 10000, ""mom_groups"": 10, ""n_inner_iter"": 50, ""reg_strength"": 1.0, ""tol"": 1e-06}",scar,0.5,0.5,0.5,True,0,True,171,,63.39055354311041,,,,0.5035,False,0.3881043127330812,0.5856873822975518,0.5816160698088896,0.64158,0.6005,0.6018933731938216,0.5262083049693669,0.6400955774124338,0.6005,,requires predict_proba,,requires predict_proba,,1.0470000000004802,success,
ldce,scar-pi0.5-scalemid,109,"{""centroid_radius"": 1.0, ""covariance_ridge"": 0.01, ""learning_rate"": 0.01, ""max_iter"": 10000, ""mom_groups"": 10, ""n_inner_iter"": 50, ""reg_strength"": 1.0, ""tol"": 1e-06}",scar,0.5,0.5,0.5,True,0,True,1588,,58.55617687597474,,,,0.5035,False,0.39095485600339974,0.5844660194174758,0.5804031970382084,0.624349,0.5865,0.587942202291978,0.5245791245791246,0.609762856614984,0.5865,,requires predict_proba,,requires predict_proba,,9.70300000000043,success,
ldce,scar-pi0.5-scalemid,110,"{""centroid_radius"": 1.0, ""covariance_ridge"": 0.01, ""learning_rate"": 0.01, ""max_iter"": 10000, ""mom_groups"": 10, ""n_inner_iter"": 50, ""reg_strength"": 1.0, ""tol"": 1e-06}",scar,0.5,0.5,0.5,True,0,True,2391,,40.88037076745194,,,,0.51,False,0.43515265404666326,0.5592515592515592,0.5482858424034894,0.622651,0.578,0.5821782178217821,0.5055957867017775,0.6292791524003488,0.578,,requires predict_proba,,requires predict_proba,,14.625,success,
ldce,scar-pi0.5-scalemid,111,"{""centroid_radius"": 1.0, ""covariance_ridge"": 0.01, ""learning_rate"": 0.01, ""max_iter"": 10000, ""mom_groups"": 10, ""n_inner_iter"": 50, ""reg_strength"": 1.0, ""tol"": 1e-06}",scar,0.5,0.5,0.5,True,0,True,3709,,56.966089734003575,,,,0.509,False,0.3961623118006814,0.5868263473053892,0.5764502429326024,0.609148,0.578,0.5817641228939544,0.5170113408939293,0.5928933212796963,0.578,,requires predict_proba,,requires predict_proba,,22.5,success,
ldce,scar-pi0.5-scalemid,112,"{""centroid_radius"": 1.0, ""covariance_ridge"": 0.01, ""learning_rate"": 0.01, ""max_iter"": 10000, ""mom_groups"": 10, ""n_inner_iter"": 50, ""reg_strength"": 1.0, ""tol"": 1e-06}",scar,0.5,0.5,0.5,True,0,True,3563,,48.72616080494431,,,,0.494,False,0.3693333333333333,0.592,0.5991902834008097,0.615087,0.584,0.5814889336016097,0.5386666666666666,0.6044880738565279,0.584,,requires predict_proba,,requires predict_proba,,21.46900000000005,success,
ldce,scar-pi0.5-scalemid,113,"{""centroid_radius"": 1.0, ""covariance_ridge"": 0.01, ""learning_rate"": 0.01, ""max_iter"": 10000, ""mom_groups"": 10, ""n_inner_iter"": 50, ""reg_strength"": 1.0, ""tol"": 1e-06}",scar,0.5,0.5,0.5,True,0,True,7185,,52.228116477017096,,,,0.5125,False,0.39751989628108975,0.5886939571150097,0.5743355679170827,0.6306229999999999,0.5925,0.5975308641975309,0.5137861466039004,0.6289827018515415,0.5925,,requires predict_proba,,requires predict_proba,,40.92200000000048,success,
ldce,scar-pi0.5-scalemid,114,"{""centroid_radius"": 1.0, ""covariance_ridge"": 0.01, ""learning_rate"": 0.01, ""max_iter"": 10000, ""mom_groups"": 10, ""n_inner_iter"": 50, ""reg_strength"": 1.0, ""tol"": 1e-06}",scar,0.5,0.5,0.5,True,0,True,3259,,55.80853770600315,,,,0.505,False,0.3171357588833317,0.6407766990291263,0.6344323752763626,0.68197,0.631,0.6328358208955224,0.5420875420875421,0.6626140163467111,0.631,,requires predict_proba,,requires predict_proba,,19.82799999999952,success,
ldce,scar-pi0.5-scalemid,115,"{""centroid_radius"": 1.0, ""covariance_ridge"": 0.01, ""learning_rate"": 0.01, ""max_iter"": 10000, ""mom_groups"": 10, ""n_inner_iter"": 50, ""reg_strength"": 1.0, ""tol"": 1e-06}",scar,0.5,0.5,0.5,True,0,True,5627,,52.855388284831676,,,,0.505,False,0.40551717158707223,0.5753424657534246,0.5696460056964601,0.6335459999999999,0.59,0.5920398009950248,0.519140362659503,0.6241798663672775,0.59,,requires predict_proba,,requires predict_proba,,34.39099999999962,success,
ldce,scar-pi0.5-scalemid,116,"{""centroid_radius"": 1.0, ""covariance_ridge"": 0.01, ""learning_rate"": 0.01, ""max_iter"": 10000, ""mom_groups"": 10, ""n_inner_iter"": 50, ""reg_strength"": 1.0, ""tol"": 1e-06}",scar,0.5,0.5,0.5,True,0,True,805,,45.17555766718936,,,,0.494,False,0.4159667520154824,0.5576131687242798,0.5643857983039269,0.610277,0.581,0.5784708249496981,0.5264200792602378,0.596360801283371,0.581,,requires predict_proba,,requires predict_proba,,4.844000000000051,success,
ldce,scar-pi0.5-scalemid,117,"{""centroid_radius"": 1.0, ""covariance_ridge"": 0.01, ""learning_rate"": 0.01, ""max_iter"": 10000, ""mom_groups"": 10, ""n_inner_iter"": 50, ""reg_strength"": 1.0, ""tol"": 1e-06}",scar,0.5,0.5,0.5,True,0,True,1451,,42.092636524909594,,,,0.501,False,0.36960121726320094,0.5991902834008097,0.5979942948111874,0.631303,0.598,0.5984015984015985,0.5312084993359893,0.623963879012057,0.598,,requires predict_proba,,requires predict_proba,,8.75,success,
ldce,scar-pi0.5-scalemid,118,"{""centroid_radius"": 1.0, ""covariance_ridge"": 0.01, ""learning_rate"": 0.01, ""max_iter"": 10000, ""mom_groups"": 10, ""n_inner_iter"": 50, ""reg_strength"": 1.0, ""tol"": 1e-06}",scar,0.5,0.5,0.5,True,0,True,463,,58.282742127061205,,,,0.4955,False,0.3543740731514221,0.6034816247582205,0.6089622853261559,0.6242300000000001,0.5905,0.5886489201406329,0.5421443020903574,0.6067390650703536,0.5905,,requires predict_proba,,requires predict_proba,,2.842999999999847,success,
ldce,scar-pi0.5-scalemid,119,"{""centroid_radius"": 1.0, ""covariance_ridge"": 0.01, ""learning_rate"": 0.01, ""max_iter"": 10000, ""mom_groups"": 10, ""n_inner_iter"": 50, ""reg_strength"": 1.0, ""tol"": 1e-06}",scar,0.5,0.5,0.5,True,0,True,2775,,45.80424200509566,,,,0.505,False,0.3761802407217535,0.5991649269311065,0.5932326009218876,0.6148089999999999,0.569,0.5711442786069652,0.52465483234714,0.6048157752822858,0.569,,requires predict_proba,,requires predict_proba,,16.985000000000582,success,
