protocol,fidelity_level,paper_claim,implementation_variant,seed,class_prior,positive_size,unlabeled_size,test_size,sigma,reg_lambda,cv_all_converged,cv_converged_fraction,optimizer_success,quantile_threshold,quantile_accuracy,quantile_balanced_accuracy,zero_threshold_accuracy,roc_auc,elapsed_seconds,density_ratio_sigma,density_ratio_reg_lambda,density_ratio_threshold,density_ratio_accuracy,density_ratio_balanced_accuracy,density_ratio_roc_auc,density_ratio_elapsed_seconds
pusb_official_data,paper_protocol,False,official_aligned_rbf_full_grid,2018,0.2,400,800,1000,1.0,0.001,True,1.0,True,8.079396668415136,0.787,0.66625,0.783,0.714925,37.33159664925188,0.1,0.001,5.237054126469574e-22,0.755,0.61625,0.6489,1.0282664401456714
pusb_official_data,paper_protocol,False,official_aligned_rbf_full_grid,2019,0.2,400,800,1000,1.0,0.001,True,1.0,True,3.770686970827775,0.757,0.619375,0.756,0.6964375,38.473677219823,0.1,0.001,9.70650402918308e-22,0.749,0.606875,0.62099375,0.9553587893024088
pusb_official_data,paper_protocol,False,official_aligned_rbf_full_grid,2020,0.2,400,800,1000,1.0,0.001,True,1.0,True,13.26757453104901,0.775,0.6475,0.773,0.70684375,36.26764502655715,0.1,0.001,7.918866003113062e-22,0.759,0.6225,0.6858062500000001,1.0195527775213122
pusb_official_data,paper_protocol,False,official_aligned_rbf_full_grid,2018,0.2,400,1600,1000,1.0,0.001,True,1.0,True,-10.207078858098743,0.781,0.656875,0.791,0.7222124999999999,44.65321755222976,0.1,0.001,5.237054126452478e-22,0.755,0.61625,0.6489375000000001,0.9073408991098404
pusb_official_data,paper_protocol,False,official_aligned_rbf_full_grid,2019,0.2,400,1600,1000,1.0,0.001,True,1.0,True,-18.974117791129466,0.749,0.606875,0.772,0.6673875,41.7705757888034,0.1,0.01,9.70650402918308e-23,0.749,0.606875,0.62090625,1.0248987767845392
pusb_official_data,paper_protocol,False,official_aligned_rbf_full_grid,2020,0.2,400,1600,1000,1.0,0.001,True,1.0,True,-6.155069526923658,0.775,0.6475,0.778,0.7050187499999999,41.55565708409995,0.1,0.001,7.918866003113062e-22,0.759,0.6225,0.6858062500000001,1.0105236573144794
pusb_official_data,paper_protocol,False,official_aligned_rbf_full_grid,2018,0.2,400,3200,1000,1.0,0.001,True,1.0,True,-12.038016663539338,0.775,0.6475,0.793,0.7185312500000001,63.27544750645757,0.1,0.001,4.539903140590408e-22,0.753,0.6131249999999999,0.64915625,0.8353992309421301
pusb_official_data,paper_protocol,False,official_aligned_rbf_full_grid,2019,0.2,400,3200,1000,1.0,0.001,True,1.0,True,-10.830093436266884,0.753,0.6131249999999999,0.773,0.67655,61.762963567860425,0.1,0.01,9.70650402918308e-23,0.749,0.606875,0.62095,1.0805952725932002
pusb_official_data,paper_protocol,False,official_aligned_rbf_full_grid,2020,0.2,400,3200,1000,1.0,0.001,True,1.0,True,-13.44857390603712,0.769,0.6381249999999999,0.787,0.69989375,58.63817271031439,0.1,0.001,6.952890885192032e-22,0.761,0.625625,0.685875,0.9430538089945912
