algorithm,scenario,seed,params,n_p,n_n,n_u,real_h,pi_h_well_conditioned,warning_count,diag_converged,diag_n_iter,diag_c_estimate,diag_cond_number,diag_correction_fraction,diag_n_epochs,diag_n_acs_iter,pred_positive_rate,degenerate_prediction,pu_zero_one_risk,pu_zero_one_risk_unavailable_reason,pu_recall,pu_recall_unavailable_reason,pu_estimated_precision,pu_estimated_precision_unavailable_reason,pu_auc_roc,pu_accuracy,pu_f1,pu_negative_rate,pu_negative_rate_unavailable_reason,average_precision,balanced_accuracy,brier_score,brier_score_unavailable_reason,expected_calibration_error,expected_calibration_error_unavailable_reason,ece_buckets_api,elapsed_seconds,status,failure_reason
pnu,pnu-1:1:4-scalesmall,100,"{""basis"": ""linear"", ""eta"": 0.0, ""fit_intercept"": true, ""kernel_width"": null, ""n_centers"": null, ""reg_lambda"": 0.001}",67,66,267,,True,0,,,,,,,,0.5012531328320802,False,,requires binary PU labels (PNU tri-label cell),,requires binary PU labels (PNU tri-label cell),,requires binary PU labels (PNU tri-label cell),1.0,1.0,1.0,,requires binary PU labels (PNU tri-label cell),1.0,1.0,,requires predict_proba,,requires predict_proba,,0.0,success,
pnu,pnu-1:1:4-scalesmall,101,"{""basis"": ""linear"", ""eta"": 0.0, ""fit_intercept"": true, ""kernel_width"": null, ""n_centers"": null, ""reg_lambda"": 0.001}",67,66,267,,True,0,,,,,,,,0.5012531328320802,False,,requires binary PU labels (PNU tri-label cell),,requires binary PU labels (PNU tri-label cell),,requires binary PU labels (PNU tri-label cell),1.0,1.0,1.0,,requires binary PU labels (PNU tri-label cell),1.0,1.0,,requires predict_proba,,requires predict_proba,,0.0,success,
pnu,pnu-1:1:4-scalesmall,102,"{""basis"": ""linear"", ""eta"": 0.0, ""fit_intercept"": true, ""kernel_width"": null, ""n_centers"": null, ""reg_lambda"": 0.001}",67,66,267,,True,0,,,,,,,,0.5012531328320802,False,,requires binary PU labels (PNU tri-label cell),,requires binary PU labels (PNU tri-label cell),,requires binary PU labels (PNU tri-label cell),1.0,1.0,1.0,,requires binary PU labels (PNU tri-label cell),1.0,1.0,,requires predict_proba,,requires predict_proba,,0.0,success,
pnu,pnu-1:1:4-scalesmall,103,"{""basis"": ""linear"", ""eta"": 0.0, ""fit_intercept"": true, ""kernel_width"": null, ""n_centers"": null, ""reg_lambda"": 0.001}",67,66,267,,True,0,,,,,,,,0.5012531328320802,False,,requires binary PU labels (PNU tri-label cell),,requires binary PU labels (PNU tri-label cell),,requires binary PU labels (PNU tri-label cell),1.0,1.0,1.0,,requires binary PU labels (PNU tri-label cell),1.0,1.0,,requires predict_proba,,requires predict_proba,,0.0,success,
pnu,pnu-1:1:4-scalesmall,104,"{""basis"": ""linear"", ""eta"": 0.0, ""fit_intercept"": true, ""kernel_width"": null, ""n_centers"": null, ""reg_lambda"": 0.001}",67,66,267,,True,0,,,,,,,,0.5012531328320802,False,,requires binary PU labels (PNU tri-label cell),,requires binary PU labels (PNU tri-label cell),,requires binary PU labels (PNU tri-label cell),1.0,1.0,1.0,,requires binary PU labels (PNU tri-label cell),1.0,1.0,,requires predict_proba,,requires predict_proba,,0.0,success,
pnu,pnu-1:1:4-scalesmall,105,"{""basis"": ""linear"", ""eta"": 0.0, ""fit_intercept"": true, ""kernel_width"": null, ""n_centers"": null, ""reg_lambda"": 0.001}",67,66,267,,True,0,,,,,,,,0.5012531328320802,False,,requires binary PU labels (PNU tri-label cell),,requires binary PU labels (PNU tri-label cell),,requires binary PU labels (PNU tri-label cell),1.0,1.0,1.0,,requires binary PU labels (PNU tri-label cell),1.0,1.0,,requires predict_proba,,requires predict_proba,,0.0,success,
pnu,pnu-1:1:4-scalesmall,106,"{""basis"": ""linear"", ""eta"": 0.0, ""fit_intercept"": true, ""kernel_width"": null, ""n_centers"": null, ""reg_lambda"": 0.001}",67,66,267,,True,0,,,,,,,,0.5012531328320802,False,,requires binary PU labels (PNU tri-label cell),,requires binary PU labels (PNU tri-label cell),,requires binary PU labels (PNU tri-label cell),1.0,1.0,1.0,,requires binary PU labels (PNU tri-label cell),1.0,1.0,,requires predict_proba,,requires predict_proba,,0.01599999999962165,success,
pnu,pnu-1:1:4-scalesmall,107,"{""basis"": ""linear"", ""eta"": 0.0, ""fit_intercept"": true, ""kernel_width"": null, ""n_centers"": null, ""reg_lambda"": 0.001}",67,66,267,,True,0,,,,,,,,0.5012531328320802,False,,requires binary PU labels (PNU tri-label cell),,requires binary PU labels (PNU tri-label cell),,requires binary PU labels (PNU tri-label cell),1.0,1.0,1.0,,requires binary PU labels (PNU tri-label cell),1.0,1.0,,requires predict_proba,,requires predict_proba,,0.0,success,
pnu,pnu-1:1:4-scalesmall,108,"{""basis"": ""linear"", ""eta"": 0.0, ""fit_intercept"": true, ""kernel_width"": null, ""n_centers"": null, ""reg_lambda"": 0.001}",67,66,267,,True,0,,,,,,,,0.5012531328320802,False,,requires binary PU labels (PNU tri-label cell),,requires binary PU labels (PNU tri-label cell),,requires binary PU labels (PNU tri-label cell),1.0,1.0,1.0,,requires binary PU labels (PNU tri-label cell),1.0,1.0,,requires predict_proba,,requires predict_proba,,0.0,success,
pnu,pnu-1:1:4-scalesmall,109,"{""basis"": ""linear"", ""eta"": 0.0, ""fit_intercept"": true, ""kernel_width"": null, ""n_centers"": null, ""reg_lambda"": 0.001}",67,66,267,,True,0,,,,,,,,0.5012531328320802,False,,requires binary PU labels (PNU tri-label cell),,requires binary PU labels (PNU tri-label cell),,requires binary PU labels (PNU tri-label cell),1.0,1.0,1.0,,requires binary PU labels (PNU tri-label cell),1.0,1.0,,requires predict_proba,,requires predict_proba,,0.0,success,
pnu,pnu-1:1:4-scalesmall,110,"{""basis"": ""linear"", ""eta"": 0.0, ""fit_intercept"": true, ""kernel_width"": null, ""n_centers"": null, ""reg_lambda"": 0.001}",67,66,267,,True,0,,,,,,,,0.5012531328320802,False,,requires binary PU labels (PNU tri-label cell),,requires binary PU labels (PNU tri-label cell),,requires binary PU labels (PNU tri-label cell),1.0,1.0,1.0,,requires binary PU labels (PNU tri-label cell),1.0,1.0,,requires predict_proba,,requires predict_proba,,0.0,success,
pnu,pnu-1:1:4-scalesmall,111,"{""basis"": ""linear"", ""eta"": 0.0, ""fit_intercept"": true, ""kernel_width"": null, ""n_centers"": null, ""reg_lambda"": 0.001}",67,66,267,,True,0,,,,,,,,0.5012531328320802,False,,requires binary PU labels (PNU tri-label cell),,requires binary PU labels (PNU tri-label cell),,requires binary PU labels (PNU tri-label cell),1.0,1.0,1.0,,requires binary PU labels (PNU tri-label cell),1.0,1.0,,requires predict_proba,,requires predict_proba,,0.0,success,
pnu,pnu-1:1:4-scalesmall,112,"{""basis"": ""linear"", ""eta"": 0.0, ""fit_intercept"": true, ""kernel_width"": null, ""n_centers"": null, ""reg_lambda"": 0.001}",67,66,267,,True,0,,,,,,,,0.5012531328320802,False,,requires binary PU labels (PNU tri-label cell),,requires binary PU labels (PNU tri-label cell),,requires binary PU labels (PNU tri-label cell),1.0,1.0,1.0,,requires binary PU labels (PNU tri-label cell),1.0,1.0,,requires predict_proba,,requires predict_proba,,0.0,success,
pnu,pnu-1:1:4-scalesmall,113,"{""basis"": ""linear"", ""eta"": 0.0, ""fit_intercept"": true, ""kernel_width"": null, ""n_centers"": null, ""reg_lambda"": 0.001}",67,66,267,,True,0,,,,,,,,0.5012531328320802,False,,requires binary PU labels (PNU tri-label cell),,requires binary PU labels (PNU tri-label cell),,requires binary PU labels (PNU tri-label cell),1.0,1.0,1.0,,requires binary PU labels (PNU tri-label cell),1.0,1.0,,requires predict_proba,,requires predict_proba,,0.01600000000325963,success,
pnu,pnu-1:1:4-scalesmall,114,"{""basis"": ""linear"", ""eta"": 0.0, ""fit_intercept"": true, ""kernel_width"": null, ""n_centers"": null, ""reg_lambda"": 0.001}",67,66,267,,True,0,,,,,,,,0.5012531328320802,False,,requires binary PU labels (PNU tri-label cell),,requires binary PU labels (PNU tri-label cell),,requires binary PU labels (PNU tri-label cell),1.0,1.0,1.0,,requires binary PU labels (PNU tri-label cell),1.0,1.0,,requires predict_proba,,requires predict_proba,,0.01599999999962165,success,
pnu,pnu-1:1:4-scalesmall,115,"{""basis"": ""linear"", ""eta"": 0.0, ""fit_intercept"": true, ""kernel_width"": null, ""n_centers"": null, ""reg_lambda"": 0.001}",67,66,267,,True,0,,,,,,,,0.5012531328320802,False,,requires binary PU labels (PNU tri-label cell),,requires binary PU labels (PNU tri-label cell),,requires binary PU labels (PNU tri-label cell),1.0,1.0,1.0,,requires binary PU labels (PNU tri-label cell),1.0,1.0,,requires predict_proba,,requires predict_proba,,0.0,success,
pnu,pnu-1:1:4-scalesmall,116,"{""basis"": ""linear"", ""eta"": 0.0, ""fit_intercept"": true, ""kernel_width"": null, ""n_centers"": null, ""reg_lambda"": 0.001}",67,66,267,,True,0,,,,,,,,0.5012531328320802,False,,requires binary PU labels (PNU tri-label cell),,requires binary PU labels (PNU tri-label cell),,requires binary PU labels (PNU tri-label cell),1.0,1.0,1.0,,requires binary PU labels (PNU tri-label cell),1.0,1.0,,requires predict_proba,,requires predict_proba,,0.0,success,
pnu,pnu-1:1:4-scalesmall,117,"{""basis"": ""linear"", ""eta"": 0.0, ""fit_intercept"": true, ""kernel_width"": null, ""n_centers"": null, ""reg_lambda"": 0.001}",67,66,267,,True,0,,,,,,,,0.5012531328320802,False,,requires binary PU labels (PNU tri-label cell),,requires binary PU labels (PNU tri-label cell),,requires binary PU labels (PNU tri-label cell),1.0,1.0,1.0,,requires binary PU labels (PNU tri-label cell),1.0,1.0,,requires predict_proba,,requires predict_proba,,0.0,success,
pnu,pnu-1:1:4-scalesmall,118,"{""basis"": ""linear"", ""eta"": 0.0, ""fit_intercept"": true, ""kernel_width"": null, ""n_centers"": null, ""reg_lambda"": 0.001}",67,66,267,,True,0,,,,,,,,0.5012531328320802,False,,requires binary PU labels (PNU tri-label cell),,requires binary PU labels (PNU tri-label cell),,requires binary PU labels (PNU tri-label cell),1.0,1.0,1.0,,requires binary PU labels (PNU tri-label cell),1.0,1.0,,requires predict_proba,,requires predict_proba,,0.01599999999962165,success,
pnu,pnu-1:1:4-scalesmall,119,"{""basis"": ""linear"", ""eta"": 0.0, ""fit_intercept"": true, ""kernel_width"": null, ""n_centers"": null, ""reg_lambda"": 0.001}",67,66,267,,True,0,,,,,,,,0.5012531328320802,False,,requires binary PU labels (PNU tri-label cell),,requires binary PU labels (PNU tri-label cell),,requires binary PU labels (PNU tri-label cell),1.0,1.0,1.0,,requires binary PU labels (PNU tri-label cell),1.0,1.0,,requires predict_proba,,requires predict_proba,,0.0,success,
pnu,pnu-1:1:4-scalemid,100,"{""basis"": ""linear"", ""eta"": 0.0, ""fit_intercept"": true, ""kernel_width"": null, ""n_centers"": null, ""reg_lambda"": 0.001}",334,333,1333,,True,0,,,,,,,,0.5002501250625313,False,,requires binary PU labels (PNU tri-label cell),,requires binary PU labels (PNU tri-label cell),,requires binary PU labels (PNU tri-label cell),1.0,1.0,1.0,,requires binary PU labels (PNU tri-label cell),1.0,1.0,,requires predict_proba,,requires predict_proba,,0.0,success,
pnu,pnu-1:1:4-scalemid,101,"{""basis"": ""linear"", ""eta"": 0.0, ""fit_intercept"": true, ""kernel_width"": null, ""n_centers"": null, ""reg_lambda"": 0.001}",334,333,1333,,True,0,,,,,,,,0.5002501250625313,False,,requires binary PU labels (PNU tri-label cell),,requires binary PU labels (PNU tri-label cell),,requires binary PU labels (PNU tri-label cell),1.0,1.0,1.0,,requires binary PU labels (PNU tri-label cell),1.0,1.0,,requires predict_proba,,requires predict_proba,,0.014999999999417923,success,
pnu,pnu-1:1:4-scalemid,102,"{""basis"": ""linear"", ""eta"": 0.0, ""fit_intercept"": true, ""kernel_width"": null, ""n_centers"": null, ""reg_lambda"": 0.001}",334,333,1333,,True,0,,,,,,,,0.5002501250625313,False,,requires binary PU labels (PNU tri-label cell),,requires binary PU labels (PNU tri-label cell),,requires binary PU labels (PNU tri-label cell),1.0,1.0,1.0,,requires binary PU labels (PNU tri-label cell),1.0,1.0,,requires predict_proba,,requires predict_proba,,0.0,success,
pnu,pnu-1:1:4-scalemid,103,"{""basis"": ""linear"", ""eta"": 0.0, ""fit_intercept"": true, ""kernel_width"": null, ""n_centers"": null, ""reg_lambda"": 0.001}",334,333,1333,,True,0,,,,,,,,0.5002501250625313,False,,requires binary PU labels (PNU tri-label cell),,requires binary PU labels (PNU tri-label cell),,requires binary PU labels (PNU tri-label cell),1.0,1.0,1.0,,requires binary PU labels (PNU tri-label cell),1.0,1.0,,requires predict_proba,,requires predict_proba,,0.01599999999962165,success,
pnu,pnu-1:1:4-scalemid,104,"{""basis"": ""linear"", ""eta"": 0.0, ""fit_intercept"": true, ""kernel_width"": null, ""n_centers"": null, ""reg_lambda"": 0.001}",334,333,1333,,True,0,,,,,,,,0.5002501250625313,False,,requires binary PU labels (PNU tri-label cell),,requires binary PU labels (PNU tri-label cell),,requires binary PU labels (PNU tri-label cell),1.0,1.0,1.0,,requires binary PU labels (PNU tri-label cell),1.0,1.0,,requires predict_proba,,requires predict_proba,,0.0,success,
pnu,pnu-1:1:4-scalemid,105,"{""basis"": ""linear"", ""eta"": 0.0, ""fit_intercept"": true, ""kernel_width"": null, ""n_centers"": null, ""reg_lambda"": 0.001}",334,333,1333,,True,0,,,,,,,,0.5002501250625313,False,,requires binary PU labels (PNU tri-label cell),,requires binary PU labels (PNU tri-label cell),,requires binary PU labels (PNU tri-label cell),1.0,1.0,1.0,,requires binary PU labels (PNU tri-label cell),1.0,1.0,,requires predict_proba,,requires predict_proba,,0.0,success,
pnu,pnu-1:1:4-scalemid,106,"{""basis"": ""linear"", ""eta"": 0.0, ""fit_intercept"": true, ""kernel_width"": null, ""n_centers"": null, ""reg_lambda"": 0.001}",334,333,1333,,True,0,,,,,,,,0.5002501250625313,False,,requires binary PU labels (PNU tri-label cell),,requires binary PU labels (PNU tri-label cell),,requires binary PU labels (PNU tri-label cell),1.0,1.0,1.0,,requires binary PU labels (PNU tri-label cell),1.0,1.0,,requires predict_proba,,requires predict_proba,,0.01600000000325963,success,
pnu,pnu-1:1:4-scalemid,107,"{""basis"": ""linear"", ""eta"": 0.0, ""fit_intercept"": true, ""kernel_width"": null, ""n_centers"": null, ""reg_lambda"": 0.001}",334,333,1333,,True,0,,,,,,,,0.5002501250625313,False,,requires binary PU labels (PNU tri-label cell),,requires binary PU labels (PNU tri-label cell),,requires binary PU labels (PNU tri-label cell),1.0,1.0,1.0,,requires binary PU labels (PNU tri-label cell),1.0,1.0,,requires predict_proba,,requires predict_proba,,0.0,success,
pnu,pnu-1:1:4-scalemid,108,"{""basis"": ""linear"", ""eta"": 0.0, ""fit_intercept"": true, ""kernel_width"": null, ""n_centers"": null, ""reg_lambda"": 0.001}",334,333,1333,,True,0,,,,,,,,0.5002501250625313,False,,requires binary PU labels (PNU tri-label cell),,requires binary PU labels (PNU tri-label cell),,requires binary PU labels (PNU tri-label cell),1.0,1.0,1.0,,requires binary PU labels (PNU tri-label cell),1.0,1.0,,requires predict_proba,,requires predict_proba,,0.0,success,
pnu,pnu-1:1:4-scalemid,109,"{""basis"": ""linear"", ""eta"": 0.0, ""fit_intercept"": true, ""kernel_width"": null, ""n_centers"": null, ""reg_lambda"": 0.001}",334,333,1333,,True,0,,,,,,,,0.5002501250625313,False,,requires binary PU labels (PNU tri-label cell),,requires binary PU labels (PNU tri-label cell),,requires binary PU labels (PNU tri-label cell),1.0,1.0,1.0,,requires binary PU labels (PNU tri-label cell),1.0,1.0,,requires predict_proba,,requires predict_proba,,0.014999999999417923,success,
pnu,pnu-1:1:4-scalemid,110,"{""basis"": ""linear"", ""eta"": 0.0, ""fit_intercept"": true, ""kernel_width"": null, ""n_centers"": null, ""reg_lambda"": 0.001}",334,333,1333,,True,0,,,,,,,,0.5002501250625313,False,,requires binary PU labels (PNU tri-label cell),,requires binary PU labels (PNU tri-label cell),,requires binary PU labels (PNU tri-label cell),1.0,1.0,1.0,,requires binary PU labels (PNU tri-label cell),1.0,1.0,,requires predict_proba,,requires predict_proba,,0.0,success,
pnu,pnu-1:1:4-scalemid,111,"{""basis"": ""linear"", ""eta"": 0.0, ""fit_intercept"": true, ""kernel_width"": null, ""n_centers"": null, ""reg_lambda"": 0.001}",334,333,1333,,True,0,,,,,,,,0.5002501250625313,False,,requires binary PU labels (PNU tri-label cell),,requires binary PU labels (PNU tri-label cell),,requires binary PU labels (PNU tri-label cell),1.0,1.0,1.0,,requires binary PU labels (PNU tri-label cell),1.0,1.0,,requires predict_proba,,requires predict_proba,,0.0,success,
pnu,pnu-1:1:4-scalemid,112,"{""basis"": ""linear"", ""eta"": 0.0, ""fit_intercept"": true, ""kernel_width"": null, ""n_centers"": null, ""reg_lambda"": 0.001}",334,333,1333,,True,0,,,,,,,,0.5002501250625313,False,,requires binary PU labels (PNU tri-label cell),,requires binary PU labels (PNU tri-label cell),,requires binary PU labels (PNU tri-label cell),1.0,1.0,1.0,,requires binary PU labels (PNU tri-label cell),1.0,1.0,,requires predict_proba,,requires predict_proba,,0.0,success,
pnu,pnu-1:1:4-scalemid,113,"{""basis"": ""linear"", ""eta"": 0.0, ""fit_intercept"": true, ""kernel_width"": null, ""n_centers"": null, ""reg_lambda"": 0.001}",334,333,1333,,True,0,,,,,,,,0.5002501250625313,False,,requires binary PU labels (PNU tri-label cell),,requires binary PU labels (PNU tri-label cell),,requires binary PU labels (PNU tri-label cell),1.0,1.0,1.0,,requires binary PU labels (PNU tri-label cell),1.0,1.0,,requires predict_proba,,requires predict_proba,,0.0,success,
pnu,pnu-1:1:4-scalemid,114,"{""basis"": ""linear"", ""eta"": 0.0, ""fit_intercept"": true, ""kernel_width"": null, ""n_centers"": null, ""reg_lambda"": 0.001}",334,333,1333,,True,0,,,,,,,,0.5002501250625313,False,,requires binary PU labels (PNU tri-label cell),,requires binary PU labels (PNU tri-label cell),,requires binary PU labels (PNU tri-label cell),1.0,1.0,1.0,,requires binary PU labels (PNU tri-label cell),1.0,1.0,,requires predict_proba,,requires predict_proba,,0.014999999999417923,success,
pnu,pnu-1:1:4-scalemid,115,"{""basis"": ""linear"", ""eta"": 0.0, ""fit_intercept"": true, ""kernel_width"": null, ""n_centers"": null, ""reg_lambda"": 0.001}",334,333,1333,,True,0,,,,,,,,0.5002501250625313,False,,requires binary PU labels (PNU tri-label cell),,requires binary PU labels (PNU tri-label cell),,requires binary PU labels (PNU tri-label cell),1.0,1.0,1.0,,requires binary PU labels (PNU tri-label cell),1.0,1.0,,requires predict_proba,,requires predict_proba,,0.0,success,
pnu,pnu-1:1:4-scalemid,116,"{""basis"": ""linear"", ""eta"": 0.0, ""fit_intercept"": true, ""kernel_width"": null, ""n_centers"": null, ""reg_lambda"": 0.001}",334,333,1333,,True,0,,,,,,,,0.5002501250625313,False,,requires binary PU labels (PNU tri-label cell),,requires binary PU labels (PNU tri-label cell),,requires binary PU labels (PNU tri-label cell),1.0,1.0,1.0,,requires binary PU labels (PNU tri-label cell),1.0,1.0,,requires predict_proba,,requires predict_proba,,0.0,success,
pnu,pnu-1:1:4-scalemid,117,"{""basis"": ""linear"", ""eta"": 0.0, ""fit_intercept"": true, ""kernel_width"": null, ""n_centers"": null, ""reg_lambda"": 0.001}",334,333,1333,,True,0,,,,,,,,0.5002501250625313,False,,requires binary PU labels (PNU tri-label cell),,requires binary PU labels (PNU tri-label cell),,requires binary PU labels (PNU tri-label cell),1.0,1.0,1.0,,requires binary PU labels (PNU tri-label cell),1.0,1.0,,requires predict_proba,,requires predict_proba,,0.014999999999417923,success,
pnu,pnu-1:1:4-scalemid,118,"{""basis"": ""linear"", ""eta"": 0.0, ""fit_intercept"": true, ""kernel_width"": null, ""n_centers"": null, ""reg_lambda"": 0.001}",334,333,1333,,True,0,,,,,,,,0.5002501250625313,False,,requires binary PU labels (PNU tri-label cell),,requires binary PU labels (PNU tri-label cell),,requires binary PU labels (PNU tri-label cell),1.0,1.0,1.0,,requires binary PU labels (PNU tri-label cell),1.0,1.0,,requires predict_proba,,requires predict_proba,,0.0,success,
pnu,pnu-1:1:4-scalemid,119,"{""basis"": ""linear"", ""eta"": 0.0, ""fit_intercept"": true, ""kernel_width"": null, ""n_centers"": null, ""reg_lambda"": 0.001}",334,333,1333,,True,0,,,,,,,,0.5002501250625313,False,,requires binary PU labels (PNU tri-label cell),,requires binary PU labels (PNU tri-label cell),,requires binary PU labels (PNU tri-label cell),1.0,1.0,1.0,,requires binary PU labels (PNU tri-label cell),1.0,1.0,,requires predict_proba,,requires predict_proba,,0.0,success,
pnu,pnu-1:2:4-scalesmall,100,"{""basis"": ""linear"", ""eta"": 0.0, ""fit_intercept"": true, ""kernel_width"": null, ""n_centers"": null, ""reg_lambda"": 0.001}",57,114,229,,True,0,,,,,,,,0.42857142857142855,False,,requires binary PU labels (PNU tri-label cell),,requires binary PU labels (PNU tri-label cell),,requires binary PU labels (PNU tri-label cell),1.0,1.0,1.0,,requires binary PU labels (PNU tri-label cell),0.9999999999999996,1.0,,requires predict_proba,,requires predict_proba,,0.01599999999962165,success,
pnu,pnu-1:2:4-scalesmall,101,"{""basis"": ""linear"", ""eta"": 0.0, ""fit_intercept"": true, ""kernel_width"": null, ""n_centers"": null, ""reg_lambda"": 0.001}",57,114,229,,True,0,,,,,,,,0.42857142857142855,False,,requires binary PU labels (PNU tri-label cell),,requires binary PU labels (PNU tri-label cell),,requires binary PU labels (PNU tri-label cell),1.0,1.0,1.0,,requires binary PU labels (PNU tri-label cell),0.9999999999999996,1.0,,requires predict_proba,,requires predict_proba,,0.0,success,
pnu,pnu-1:2:4-scalesmall,102,"{""basis"": ""linear"", ""eta"": 0.0, ""fit_intercept"": true, ""kernel_width"": null, ""n_centers"": null, ""reg_lambda"": 0.001}",57,114,229,,True,0,,,,,,,,0.42857142857142855,False,,requires binary PU labels (PNU tri-label cell),,requires binary PU labels (PNU tri-label cell),,requires binary PU labels (PNU tri-label cell),1.0,1.0,1.0,,requires binary PU labels (PNU tri-label cell),0.9999999999999996,1.0,,requires predict_proba,,requires predict_proba,,0.0,success,
pnu,pnu-1:2:4-scalesmall,103,"{""basis"": ""linear"", ""eta"": 0.0, ""fit_intercept"": true, ""kernel_width"": null, ""n_centers"": null, ""reg_lambda"": 0.001}",57,114,229,,True,0,,,,,,,,0.42857142857142855,False,,requires binary PU labels (PNU tri-label cell),,requires binary PU labels (PNU tri-label cell),,requires binary PU labels (PNU tri-label cell),1.0,1.0,1.0,,requires binary PU labels (PNU tri-label cell),0.9999999999999996,1.0,,requires predict_proba,,requires predict_proba,,0.01599999999962165,success,
pnu,pnu-1:2:4-scalesmall,104,"{""basis"": ""linear"", ""eta"": 0.0, ""fit_intercept"": true, ""kernel_width"": null, ""n_centers"": null, ""reg_lambda"": 0.001}",57,114,229,,True,0,,,,,,,,0.42857142857142855,False,,requires binary PU labels (PNU tri-label cell),,requires binary PU labels (PNU tri-label cell),,requires binary PU labels (PNU tri-label cell),1.0,1.0,1.0,,requires binary PU labels (PNU tri-label cell),0.9999999999999996,1.0,,requires predict_proba,,requires predict_proba,,0.0,success,
pnu,pnu-1:2:4-scalesmall,105,"{""basis"": ""linear"", ""eta"": 0.0, ""fit_intercept"": true, ""kernel_width"": null, ""n_centers"": null, ""reg_lambda"": 0.001}",57,114,229,,True,0,,,,,,,,0.42857142857142855,False,,requires binary PU labels (PNU tri-label cell),,requires binary PU labels (PNU tri-label cell),,requires binary PU labels (PNU tri-label cell),1.0,1.0,1.0,,requires binary PU labels (PNU tri-label cell),0.9999999999999996,1.0,,requires predict_proba,,requires predict_proba,,0.01599999999962165,success,
pnu,pnu-1:2:4-scalesmall,106,"{""basis"": ""linear"", ""eta"": 0.0, ""fit_intercept"": true, ""kernel_width"": null, ""n_centers"": null, ""reg_lambda"": 0.001}",57,114,229,,True,0,,,,,,,,0.42857142857142855,False,,requires binary PU labels (PNU tri-label cell),,requires binary PU labels (PNU tri-label cell),,requires binary PU labels (PNU tri-label cell),1.0,1.0,1.0,,requires binary PU labels (PNU tri-label cell),0.9999999999999996,1.0,,requires predict_proba,,requires predict_proba,,0.0,success,
pnu,pnu-1:2:4-scalesmall,107,"{""basis"": ""linear"", ""eta"": 0.0, ""fit_intercept"": true, ""kernel_width"": null, ""n_centers"": null, ""reg_lambda"": 0.001}",57,114,229,,True,0,,,,,,,,0.42857142857142855,False,,requires binary PU labels (PNU tri-label cell),,requires binary PU labels (PNU tri-label cell),,requires binary PU labels (PNU tri-label cell),1.0,1.0,1.0,,requires binary PU labels (PNU tri-label cell),0.9999999999999996,1.0,,requires predict_proba,,requires predict_proba,,0.0,success,
pnu,pnu-1:2:4-scalesmall,108,"{""basis"": ""linear"", ""eta"": 0.0, ""fit_intercept"": true, ""kernel_width"": null, ""n_centers"": null, ""reg_lambda"": 0.001}",57,114,229,,True,0,,,,,,,,0.42857142857142855,False,,requires binary PU labels (PNU tri-label cell),,requires binary PU labels (PNU tri-label cell),,requires binary PU labels (PNU tri-label cell),1.0,1.0,1.0,,requires binary PU labels (PNU tri-label cell),0.9999999999999996,1.0,,requires predict_proba,,requires predict_proba,,0.0,success,
pnu,pnu-1:2:4-scalesmall,109,"{""basis"": ""linear"", ""eta"": 0.0, ""fit_intercept"": true, ""kernel_width"": null, ""n_centers"": null, ""reg_lambda"": 0.001}",57,114,229,,True,0,,,,,,,,0.42857142857142855,False,,requires binary PU labels (PNU tri-label cell),,requires binary PU labels (PNU tri-label cell),,requires binary PU labels (PNU tri-label cell),1.0,1.0,1.0,,requires binary PU labels (PNU tri-label cell),0.9999999999999996,1.0,,requires predict_proba,,requires predict_proba,,0.0,success,
pnu,pnu-1:2:4-scalesmall,110,"{""basis"": ""linear"", ""eta"": 0.0, ""fit_intercept"": true, ""kernel_width"": null, ""n_centers"": null, ""reg_lambda"": 0.001}",57,114,229,,True,0,,,,,,,,0.42857142857142855,False,,requires binary PU labels (PNU tri-label cell),,requires binary PU labels (PNU tri-label cell),,requires binary PU labels (PNU tri-label cell),1.0,1.0,1.0,,requires binary PU labels (PNU tri-label cell),0.9999999999999996,1.0,,requires predict_proba,,requires predict_proba,,0.014999999999417923,success,
pnu,pnu-1:2:4-scalesmall,111,"{""basis"": ""linear"", ""eta"": 0.0, ""fit_intercept"": true, ""kernel_width"": null, ""n_centers"": null, ""reg_lambda"": 0.001}",57,114,229,,True,0,,,,,,,,0.42857142857142855,False,,requires binary PU labels (PNU tri-label cell),,requires binary PU labels (PNU tri-label cell),,requires binary PU labels (PNU tri-label cell),1.0,1.0,1.0,,requires binary PU labels (PNU tri-label cell),0.9999999999999996,1.0,,requires predict_proba,,requires predict_proba,,0.0,success,
pnu,pnu-1:2:4-scalesmall,112,"{""basis"": ""linear"", ""eta"": 0.0, ""fit_intercept"": true, ""kernel_width"": null, ""n_centers"": null, ""reg_lambda"": 0.001}",57,114,229,,True,0,,,,,,,,0.42857142857142855,False,,requires binary PU labels (PNU tri-label cell),,requires binary PU labels (PNU tri-label cell),,requires binary PU labels (PNU tri-label cell),1.0,1.0,1.0,,requires binary PU labels (PNU tri-label cell),0.9999999999999996,1.0,,requires predict_proba,,requires predict_proba,,0.01600000000325963,success,
pnu,pnu-1:2:4-scalesmall,113,"{""basis"": ""linear"", ""eta"": 0.0, ""fit_intercept"": true, ""kernel_width"": null, ""n_centers"": null, ""reg_lambda"": 0.001}",57,114,229,,True,0,,,,,,,,0.42857142857142855,False,,requires binary PU labels (PNU tri-label cell),,requires binary PU labels (PNU tri-label cell),,requires binary PU labels (PNU tri-label cell),1.0,1.0,1.0,,requires binary PU labels (PNU tri-label cell),0.9999999999999996,1.0,,requires predict_proba,,requires predict_proba,,0.0,success,
pnu,pnu-1:2:4-scalesmall,114,"{""basis"": ""linear"", ""eta"": 0.0, ""fit_intercept"": true, ""kernel_width"": null, ""n_centers"": null, ""reg_lambda"": 0.001}",57,114,229,,True,0,,,,,,,,0.42857142857142855,False,,requires binary PU labels (PNU tri-label cell),,requires binary PU labels (PNU tri-label cell),,requires binary PU labels (PNU tri-label cell),1.0,1.0,1.0,,requires binary PU labels (PNU tri-label cell),0.9999999999999996,1.0,,requires predict_proba,,requires predict_proba,,0.0,success,
pnu,pnu-1:2:4-scalesmall,115,"{""basis"": ""linear"", ""eta"": 0.0, ""fit_intercept"": true, ""kernel_width"": null, ""n_centers"": null, ""reg_lambda"": 0.001}",57,114,229,,True,0,,,,,,,,0.42857142857142855,False,,requires binary PU labels (PNU tri-label cell),,requires binary PU labels (PNU tri-label cell),,requires binary PU labels (PNU tri-label cell),1.0,1.0,1.0,,requires binary PU labels (PNU tri-label cell),0.9999999999999996,1.0,,requires predict_proba,,requires predict_proba,,0.014999999999417923,success,
pnu,pnu-1:2:4-scalesmall,116,"{""basis"": ""linear"", ""eta"": 0.0, ""fit_intercept"": true, ""kernel_width"": null, ""n_centers"": null, ""reg_lambda"": 0.001}",57,114,229,,True,0,,,,,,,,0.42857142857142855,False,,requires binary PU labels (PNU tri-label cell),,requires binary PU labels (PNU tri-label cell),,requires binary PU labels (PNU tri-label cell),1.0,1.0,1.0,,requires binary PU labels (PNU tri-label cell),0.9999999999999996,1.0,,requires predict_proba,,requires predict_proba,,0.0,success,
pnu,pnu-1:2:4-scalesmall,117,"{""basis"": ""linear"", ""eta"": 0.0, ""fit_intercept"": true, ""kernel_width"": null, ""n_centers"": null, ""reg_lambda"": 0.001}",57,114,229,,True,0,,,,,,,,0.42857142857142855,False,,requires binary PU labels (PNU tri-label cell),,requires binary PU labels (PNU tri-label cell),,requires binary PU labels (PNU tri-label cell),1.0,1.0,1.0,,requires binary PU labels (PNU tri-label cell),0.9999999999999996,1.0,,requires predict_proba,,requires predict_proba,,0.01599999999962165,success,
pnu,pnu-1:2:4-scalesmall,118,"{""basis"": ""linear"", ""eta"": 0.0, ""fit_intercept"": true, ""kernel_width"": null, ""n_centers"": null, ""reg_lambda"": 0.001}",57,114,229,,True,0,,,,,,,,0.42857142857142855,False,,requires binary PU labels (PNU tri-label cell),,requires binary PU labels (PNU tri-label cell),,requires binary PU labels (PNU tri-label cell),1.0,1.0,1.0,,requires binary PU labels (PNU tri-label cell),0.9999999999999996,1.0,,requires predict_proba,,requires predict_proba,,0.0,success,
pnu,pnu-1:2:4-scalesmall,119,"{""basis"": ""linear"", ""eta"": 0.0, ""fit_intercept"": true, ""kernel_width"": null, ""n_centers"": null, ""reg_lambda"": 0.001}",57,114,229,,True,0,,,,,,,,0.42857142857142855,False,,requires binary PU labels (PNU tri-label cell),,requires binary PU labels (PNU tri-label cell),,requires binary PU labels (PNU tri-label cell),1.0,1.0,1.0,,requires binary PU labels (PNU tri-label cell),0.9999999999999996,1.0,,requires predict_proba,,requires predict_proba,,0.0,success,
pnu,pnu-1:2:4-scalemid,100,"{""basis"": ""linear"", ""eta"": 0.0, ""fit_intercept"": true, ""kernel_width"": null, ""n_centers"": null, ""reg_lambda"": 0.001}",286,571,1143,,True,0,,,,,,,,0.4287143571785893,False,,requires binary PU labels (PNU tri-label cell),,requires binary PU labels (PNU tri-label cell),,requires binary PU labels (PNU tri-label cell),1.0,1.0,1.0,,requires binary PU labels (PNU tri-label cell),1.0,1.0,,requires predict_proba,,requires predict_proba,,0.014999999999417923,success,
pnu,pnu-1:2:4-scalemid,101,"{""basis"": ""linear"", ""eta"": 0.0, ""fit_intercept"": true, ""kernel_width"": null, ""n_centers"": null, ""reg_lambda"": 0.001}",286,571,1143,,True,0,,,,,,,,0.4287143571785893,False,,requires binary PU labels (PNU tri-label cell),,requires binary PU labels (PNU tri-label cell),,requires binary PU labels (PNU tri-label cell),1.0,1.0,1.0,,requires binary PU labels (PNU tri-label cell),1.0,1.0,,requires predict_proba,,requires predict_proba,,0.0,success,
pnu,pnu-1:2:4-scalemid,102,"{""basis"": ""linear"", ""eta"": 0.0, ""fit_intercept"": true, ""kernel_width"": null, ""n_centers"": null, ""reg_lambda"": 0.001}",286,571,1143,,True,0,,,,,,,,0.4287143571785893,False,,requires binary PU labels (PNU tri-label cell),,requires binary PU labels (PNU tri-label cell),,requires binary PU labels (PNU tri-label cell),1.0,1.0,1.0,,requires binary PU labels (PNU tri-label cell),1.0,1.0,,requires predict_proba,,requires predict_proba,,0.0,success,
pnu,pnu-1:2:4-scalemid,103,"{""basis"": ""linear"", ""eta"": 0.0, ""fit_intercept"": true, ""kernel_width"": null, ""n_centers"": null, ""reg_lambda"": 0.001}",286,571,1143,,True,0,,,,,,,,0.4287143571785893,False,,requires binary PU labels (PNU tri-label cell),,requires binary PU labels (PNU tri-label cell),,requires binary PU labels (PNU tri-label cell),1.0,1.0,1.0,,requires binary PU labels (PNU tri-label cell),1.0,1.0,,requires predict_proba,,requires predict_proba,,0.0,success,
pnu,pnu-1:2:4-scalemid,104,"{""basis"": ""linear"", ""eta"": 0.0, ""fit_intercept"": true, ""kernel_width"": null, ""n_centers"": null, ""reg_lambda"": 0.001}",286,571,1143,,True,0,,,,,,,,0.4287143571785893,False,,requires binary PU labels (PNU tri-label cell),,requires binary PU labels (PNU tri-label cell),,requires binary PU labels (PNU tri-label cell),1.0,1.0,1.0,,requires binary PU labels (PNU tri-label cell),1.0,1.0,,requires predict_proba,,requires predict_proba,,0.01600000000325963,success,
pnu,pnu-1:2:4-scalemid,105,"{""basis"": ""linear"", ""eta"": 0.0, ""fit_intercept"": true, ""kernel_width"": null, ""n_centers"": null, ""reg_lambda"": 0.001}",286,571,1143,,True,0,,,,,,,,0.4287143571785893,False,,requires binary PU labels (PNU tri-label cell),,requires binary PU labels (PNU tri-label cell),,requires binary PU labels (PNU tri-label cell),1.0,1.0,1.0,,requires binary PU labels (PNU tri-label cell),1.0,1.0,,requires predict_proba,,requires predict_proba,,0.0,success,
pnu,pnu-1:2:4-scalemid,106,"{""basis"": ""linear"", ""eta"": 0.0, ""fit_intercept"": true, ""kernel_width"": null, ""n_centers"": null, ""reg_lambda"": 0.001}",286,571,1143,,True,0,,,,,,,,0.4287143571785893,False,,requires binary PU labels (PNU tri-label cell),,requires binary PU labels (PNU tri-label cell),,requires binary PU labels (PNU tri-label cell),1.0,1.0,1.0,,requires binary PU labels (PNU tri-label cell),1.0,1.0,,requires predict_proba,,requires predict_proba,,0.0,success,
pnu,pnu-1:2:4-scalemid,107,"{""basis"": ""linear"", ""eta"": 0.0, ""fit_intercept"": true, ""kernel_width"": null, ""n_centers"": null, ""reg_lambda"": 0.001}",286,571,1143,,True,0,,,,,,,,0.4287143571785893,False,,requires binary PU labels (PNU tri-label cell),,requires binary PU labels (PNU tri-label cell),,requires binary PU labels (PNU tri-label cell),1.0,1.0,1.0,,requires binary PU labels (PNU tri-label cell),1.0,1.0,,requires predict_proba,,requires predict_proba,,0.0,success,
pnu,pnu-1:2:4-scalemid,108,"{""basis"": ""linear"", ""eta"": 0.0, ""fit_intercept"": true, ""kernel_width"": null, ""n_centers"": null, ""reg_lambda"": 0.001}",286,571,1143,,True,0,,,,,,,,0.4287143571785893,False,,requires binary PU labels (PNU tri-label cell),,requires binary PU labels (PNU tri-label cell),,requires binary PU labels (PNU tri-label cell),1.0,1.0,1.0,,requires binary PU labels (PNU tri-label cell),1.0,1.0,,requires predict_proba,,requires predict_proba,,0.01599999999962165,success,
pnu,pnu-1:2:4-scalemid,109,"{""basis"": ""linear"", ""eta"": 0.0, ""fit_intercept"": true, ""kernel_width"": null, ""n_centers"": null, ""reg_lambda"": 0.001}",286,571,1143,,True,0,,,,,,,,0.4287143571785893,False,,requires binary PU labels (PNU tri-label cell),,requires binary PU labels (PNU tri-label cell),,requires binary PU labels (PNU tri-label cell),1.0,1.0,1.0,,requires binary PU labels (PNU tri-label cell),1.0,1.0,,requires predict_proba,,requires predict_proba,,0.01599999999962165,success,
pnu,pnu-1:2:4-scalemid,110,"{""basis"": ""linear"", ""eta"": 0.0, ""fit_intercept"": true, ""kernel_width"": null, ""n_centers"": null, ""reg_lambda"": 0.001}",286,571,1143,,True,0,,,,,,,,0.4287143571785893,False,,requires binary PU labels (PNU tri-label cell),,requires binary PU labels (PNU tri-label cell),,requires binary PU labels (PNU tri-label cell),1.0,1.0,1.0,,requires binary PU labels (PNU tri-label cell),1.0,1.0,,requires predict_proba,,requires predict_proba,,0.0,success,
pnu,pnu-1:2:4-scalemid,111,"{""basis"": ""linear"", ""eta"": 0.0, ""fit_intercept"": true, ""kernel_width"": null, ""n_centers"": null, ""reg_lambda"": 0.001}",286,571,1143,,True,0,,,,,,,,0.4287143571785893,False,,requires binary PU labels (PNU tri-label cell),,requires binary PU labels (PNU tri-label cell),,requires binary PU labels (PNU tri-label cell),1.0,1.0,1.0,,requires binary PU labels (PNU tri-label cell),1.0,1.0,,requires predict_proba,,requires predict_proba,,0.014999999999417923,success,
pnu,pnu-1:2:4-scalemid,112,"{""basis"": ""linear"", ""eta"": 0.0, ""fit_intercept"": true, ""kernel_width"": null, ""n_centers"": null, ""reg_lambda"": 0.001}",286,571,1143,,True,0,,,,,,,,0.4287143571785893,False,,requires binary PU labels (PNU tri-label cell),,requires binary PU labels (PNU tri-label cell),,requires binary PU labels (PNU tri-label cell),1.0,1.0,1.0,,requires binary PU labels (PNU tri-label cell),1.0,1.0,,requires predict_proba,,requires predict_proba,,0.01599999999962165,success,
pnu,pnu-1:2:4-scalemid,113,"{""basis"": ""linear"", ""eta"": 0.0, ""fit_intercept"": true, ""kernel_width"": null, ""n_centers"": null, ""reg_lambda"": 0.001}",286,571,1143,,True,0,,,,,,,,0.4287143571785893,False,,requires binary PU labels (PNU tri-label cell),,requires binary PU labels (PNU tri-label cell),,requires binary PU labels (PNU tri-label cell),1.0,1.0,1.0,,requires binary PU labels (PNU tri-label cell),1.0,1.0,,requires predict_proba,,requires predict_proba,,0.0,success,
pnu,pnu-1:2:4-scalemid,114,"{""basis"": ""linear"", ""eta"": 0.0, ""fit_intercept"": true, ""kernel_width"": null, ""n_centers"": null, ""reg_lambda"": 0.001}",286,571,1143,,True,0,,,,,,,,0.4287143571785893,False,,requires binary PU labels (PNU tri-label cell),,requires binary PU labels (PNU tri-label cell),,requires binary PU labels (PNU tri-label cell),1.0,1.0,1.0,,requires binary PU labels (PNU tri-label cell),1.0,1.0,,requires predict_proba,,requires predict_proba,,0.0,success,
pnu,pnu-1:2:4-scalemid,115,"{""basis"": ""linear"", ""eta"": 0.0, ""fit_intercept"": true, ""kernel_width"": null, ""n_centers"": null, ""reg_lambda"": 0.001}",286,571,1143,,True,0,,,,,,,,0.4287143571785893,False,,requires binary PU labels (PNU tri-label cell),,requires binary PU labels (PNU tri-label cell),,requires binary PU labels (PNU tri-label cell),1.0,1.0,1.0,,requires binary PU labels (PNU tri-label cell),1.0,1.0,,requires predict_proba,,requires predict_proba,,0.01600000000325963,success,
pnu,pnu-1:2:4-scalemid,116,"{""basis"": ""linear"", ""eta"": 0.0, ""fit_intercept"": true, ""kernel_width"": null, ""n_centers"": null, ""reg_lambda"": 0.001}",286,571,1143,,True,0,,,,,,,,0.4287143571785893,False,,requires binary PU labels (PNU tri-label cell),,requires binary PU labels (PNU tri-label cell),,requires binary PU labels (PNU tri-label cell),1.0,1.0,1.0,,requires binary PU labels (PNU tri-label cell),1.0,1.0,,requires predict_proba,,requires predict_proba,,0.0,success,
pnu,pnu-1:2:4-scalemid,117,"{""basis"": ""linear"", ""eta"": 0.0, ""fit_intercept"": true, ""kernel_width"": null, ""n_centers"": null, ""reg_lambda"": 0.001}",286,571,1143,,True,0,,,,,,,,0.4287143571785893,False,,requires binary PU labels (PNU tri-label cell),,requires binary PU labels (PNU tri-label cell),,requires binary PU labels (PNU tri-label cell),1.0,1.0,1.0,,requires binary PU labels (PNU tri-label cell),1.0,1.0,,requires predict_proba,,requires predict_proba,,0.01599999999962165,success,
pnu,pnu-1:2:4-scalemid,118,"{""basis"": ""linear"", ""eta"": 0.0, ""fit_intercept"": true, ""kernel_width"": null, ""n_centers"": null, ""reg_lambda"": 0.001}",286,571,1143,,True,0,,,,,,,,0.4287143571785893,False,,requires binary PU labels (PNU tri-label cell),,requires binary PU labels (PNU tri-label cell),,requires binary PU labels (PNU tri-label cell),1.0,1.0,1.0,,requires binary PU labels (PNU tri-label cell),1.0,1.0,,requires predict_proba,,requires predict_proba,,0.0,success,
pnu,pnu-1:2:4-scalemid,119,"{""basis"": ""linear"", ""eta"": 0.0, ""fit_intercept"": true, ""kernel_width"": null, ""n_centers"": null, ""reg_lambda"": 0.001}",286,571,1143,,True,0,,,,,,,,0.4287143571785893,False,,requires binary PU labels (PNU tri-label cell),,requires binary PU labels (PNU tri-label cell),,requires binary PU labels (PNU tri-label cell),1.0,1.0,1.0,,requires binary PU labels (PNU tri-label cell),1.0,1.0,,requires predict_proba,,requires predict_proba,,0.01599999999962165,success,
pnu,pnu-1:1:8-scalesmall,100,"{""basis"": ""linear"", ""eta"": 0.0, ""fit_intercept"": true, ""kernel_width"": null, ""n_centers"": null, ""reg_lambda"": 0.001}",40,40,320,,True,0,,,,,,,,0.5,False,,requires binary PU labels (PNU tri-label cell),,requires binary PU labels (PNU tri-label cell),,requires binary PU labels (PNU tri-label cell),1.0,1.0,1.0,,requires binary PU labels (PNU tri-label cell),1.0,1.0,,requires predict_proba,,requires predict_proba,,0.0,success,
pnu,pnu-1:1:8-scalesmall,101,"{""basis"": ""linear"", ""eta"": 0.0, ""fit_intercept"": true, ""kernel_width"": null, ""n_centers"": null, ""reg_lambda"": 0.001}",40,40,320,,True,0,,,,,,,,0.5,False,,requires binary PU labels (PNU tri-label cell),,requires binary PU labels (PNU tri-label cell),,requires binary PU labels (PNU tri-label cell),1.0,1.0,1.0,,requires binary PU labels (PNU tri-label cell),1.0,1.0,,requires predict_proba,,requires predict_proba,,0.0,success,
pnu,pnu-1:1:8-scalesmall,102,"{""basis"": ""linear"", ""eta"": 0.0, ""fit_intercept"": true, ""kernel_width"": null, ""n_centers"": null, ""reg_lambda"": 0.001}",40,40,320,,True,0,,,,,,,,0.5,False,,requires binary PU labels (PNU tri-label cell),,requires binary PU labels (PNU tri-label cell),,requires binary PU labels (PNU tri-label cell),1.0,1.0,1.0,,requires binary PU labels (PNU tri-label cell),1.0,1.0,,requires predict_proba,,requires predict_proba,,0.0,success,
pnu,pnu-1:1:8-scalesmall,103,"{""basis"": ""linear"", ""eta"": 0.0, ""fit_intercept"": true, ""kernel_width"": null, ""n_centers"": null, ""reg_lambda"": 0.001}",40,40,320,,True,0,,,,,,,,0.5,False,,requires binary PU labels (PNU tri-label cell),,requires binary PU labels (PNU tri-label cell),,requires binary PU labels (PNU tri-label cell),1.0,1.0,1.0,,requires binary PU labels (PNU tri-label cell),1.0,1.0,,requires predict_proba,,requires predict_proba,,0.014999999999417923,success,
pnu,pnu-1:1:8-scalesmall,104,"{""basis"": ""linear"", ""eta"": 0.0, ""fit_intercept"": true, ""kernel_width"": null, ""n_centers"": null, ""reg_lambda"": 0.001}",40,40,320,,True,0,,,,,,,,0.5,False,,requires binary PU labels (PNU tri-label cell),,requires binary PU labels (PNU tri-label cell),,requires binary PU labels (PNU tri-label cell),1.0,1.0,1.0,,requires binary PU labels (PNU tri-label cell),1.0,1.0,,requires predict_proba,,requires predict_proba,,0.0,success,
pnu,pnu-1:1:8-scalesmall,105,"{""basis"": ""linear"", ""eta"": 0.0, ""fit_intercept"": true, ""kernel_width"": null, ""n_centers"": null, ""reg_lambda"": 0.001}",40,40,320,,True,0,,,,,,,,0.5,False,,requires binary PU labels (PNU tri-label cell),,requires binary PU labels (PNU tri-label cell),,requires binary PU labels (PNU tri-label cell),1.0,1.0,1.0,,requires binary PU labels (PNU tri-label cell),1.0,1.0,,requires predict_proba,,requires predict_proba,,0.01599999999962165,success,
pnu,pnu-1:1:8-scalesmall,106,"{""basis"": ""linear"", ""eta"": 0.0, ""fit_intercept"": true, ""kernel_width"": null, ""n_centers"": null, ""reg_lambda"": 0.001}",40,40,320,,True,0,,,,,,,,0.5,False,,requires binary PU labels (PNU tri-label cell),,requires binary PU labels (PNU tri-label cell),,requires binary PU labels (PNU tri-label cell),1.0,1.0,1.0,,requires binary PU labels (PNU tri-label cell),1.0,1.0,,requires predict_proba,,requires predict_proba,,0.0,success,
pnu,pnu-1:1:8-scalesmall,107,"{""basis"": ""linear"", ""eta"": 0.0, ""fit_intercept"": true, ""kernel_width"": null, ""n_centers"": null, ""reg_lambda"": 0.001}",40,40,320,,True,0,,,,,,,,0.5,False,,requires binary PU labels (PNU tri-label cell),,requires binary PU labels (PNU tri-label cell),,requires binary PU labels (PNU tri-label cell),1.0,1.0,1.0,,requires binary PU labels (PNU tri-label cell),1.0,1.0,,requires predict_proba,,requires predict_proba,,0.01600000000325963,success,
pnu,pnu-1:1:8-scalesmall,108,"{""basis"": ""linear"", ""eta"": 0.0, ""fit_intercept"": true, ""kernel_width"": null, ""n_centers"": null, ""reg_lambda"": 0.001}",40,40,320,,True,0,,,,,,,,0.5,False,,requires binary PU labels (PNU tri-label cell),,requires binary PU labels (PNU tri-label cell),,requires binary PU labels (PNU tri-label cell),1.0,1.0,1.0,,requires binary PU labels (PNU tri-label cell),1.0,1.0,,requires predict_proba,,requires predict_proba,,0.0,success,
pnu,pnu-1:1:8-scalesmall,109,"{""basis"": ""linear"", ""eta"": 0.0, ""fit_intercept"": true, ""kernel_width"": null, ""n_centers"": null, ""reg_lambda"": 0.001}",40,40,320,,True,0,,,,,,,,0.5,False,,requires binary PU labels (PNU tri-label cell),,requires binary PU labels (PNU tri-label cell),,requires binary PU labels (PNU tri-label cell),1.0,1.0,1.0,,requires binary PU labels (PNU tri-label cell),1.0,1.0,,requires predict_proba,,requires predict_proba,,0.0,success,
pnu,pnu-1:1:8-scalesmall,110,"{""basis"": ""linear"", ""eta"": 0.0, ""fit_intercept"": true, ""kernel_width"": null, ""n_centers"": null, ""reg_lambda"": 0.001}",40,40,320,,True,0,,,,,,,,0.5,False,,requires binary PU labels (PNU tri-label cell),,requires binary PU labels (PNU tri-label cell),,requires binary PU labels (PNU tri-label cell),1.0,1.0,1.0,,requires binary PU labels (PNU tri-label cell),1.0,1.0,,requires predict_proba,,requires predict_proba,,0.0,success,
pnu,pnu-1:1:8-scalesmall,111,"{""basis"": ""linear"", ""eta"": 0.0, ""fit_intercept"": true, ""kernel_width"": null, ""n_centers"": null, ""reg_lambda"": 0.001}",40,40,320,,True,0,,,,,,,,0.5,False,,requires binary PU labels (PNU tri-label cell),,requires binary PU labels (PNU tri-label cell),,requires binary PU labels (PNU tri-label cell),1.0,1.0,1.0,,requires binary PU labels (PNU tri-label cell),1.0,1.0,,requires predict_proba,,requires predict_proba,,0.0,success,
pnu,pnu-1:1:8-scalesmall,112,"{""basis"": ""linear"", ""eta"": 0.0, ""fit_intercept"": true, ""kernel_width"": null, ""n_centers"": null, ""reg_lambda"": 0.001}",40,40,320,,True,0,,,,,,,,0.5,False,,requires binary PU labels (PNU tri-label cell),,requires binary PU labels (PNU tri-label cell),,requires binary PU labels (PNU tri-label cell),1.0,1.0,1.0,,requires binary PU labels (PNU tri-label cell),1.0,1.0,,requires predict_proba,,requires predict_proba,,0.01599999999962165,success,
pnu,pnu-1:1:8-scalesmall,113,"{""basis"": ""linear"", ""eta"": 0.0, ""fit_intercept"": true, ""kernel_width"": null, ""n_centers"": null, ""reg_lambda"": 0.001}",40,40,320,,True,0,,,,,,,,0.5,False,,requires binary PU labels (PNU tri-label cell),,requires binary PU labels (PNU tri-label cell),,requires binary PU labels (PNU tri-label cell),1.0,1.0,1.0,,requires binary PU labels (PNU tri-label cell),1.0,1.0,,requires predict_proba,,requires predict_proba,,0.0,success,
pnu,pnu-1:1:8-scalesmall,114,"{""basis"": ""linear"", ""eta"": 0.0, ""fit_intercept"": true, ""kernel_width"": null, ""n_centers"": null, ""reg_lambda"": 0.001}",40,40,320,,True,0,,,,,,,,0.5,False,,requires binary PU labels (PNU tri-label cell),,requires binary PU labels (PNU tri-label cell),,requires binary PU labels (PNU tri-label cell),1.0,1.0,1.0,,requires binary PU labels (PNU tri-label cell),1.0,1.0,,requires predict_proba,,requires predict_proba,,0.0,success,
pnu,pnu-1:1:8-scalesmall,115,"{""basis"": ""linear"", ""eta"": 0.0, ""fit_intercept"": true, ""kernel_width"": null, ""n_centers"": null, ""reg_lambda"": 0.001}",40,40,320,,True,0,,,,,,,,0.5,False,,requires binary PU labels (PNU tri-label cell),,requires binary PU labels (PNU tri-label cell),,requires binary PU labels (PNU tri-label cell),1.0,1.0,1.0,,requires binary PU labels (PNU tri-label cell),1.0,1.0,,requires predict_proba,,requires predict_proba,,0.014999999999417923,success,
pnu,pnu-1:1:8-scalesmall,116,"{""basis"": ""linear"", ""eta"": 0.0, ""fit_intercept"": true, ""kernel_width"": null, ""n_centers"": null, ""reg_lambda"": 0.001}",40,40,320,,True,0,,,,,,,,0.5,False,,requires binary PU labels (PNU tri-label cell),,requires binary PU labels (PNU tri-label cell),,requires binary PU labels (PNU tri-label cell),1.0,1.0,1.0,,requires binary PU labels (PNU tri-label cell),1.0,1.0,,requires predict_proba,,requires predict_proba,,0.0,success,
pnu,pnu-1:1:8-scalesmall,117,"{""basis"": ""linear"", ""eta"": 0.0, ""fit_intercept"": true, ""kernel_width"": null, ""n_centers"": null, ""reg_lambda"": 0.001}",40,40,320,,True,0,,,,,,,,0.5,False,,requires binary PU labels (PNU tri-label cell),,requires binary PU labels (PNU tri-label cell),,requires binary PU labels (PNU tri-label cell),1.0,1.0,1.0,,requires binary PU labels (PNU tri-label cell),1.0,1.0,,requires predict_proba,,requires predict_proba,,0.0,success,
pnu,pnu-1:1:8-scalesmall,118,"{""basis"": ""linear"", ""eta"": 0.0, ""fit_intercept"": true, ""kernel_width"": null, ""n_centers"": null, ""reg_lambda"": 0.001}",40,40,320,,True,0,,,,,,,,0.5,False,,requires binary PU labels (PNU tri-label cell),,requires binary PU labels (PNU tri-label cell),,requires binary PU labels (PNU tri-label cell),1.0,1.0,1.0,,requires binary PU labels (PNU tri-label cell),1.0,1.0,,requires predict_proba,,requires predict_proba,,0.0,success,
pnu,pnu-1:1:8-scalesmall,119,"{""basis"": ""linear"", ""eta"": 0.0, ""fit_intercept"": true, ""kernel_width"": null, ""n_centers"": null, ""reg_lambda"": 0.001}",40,40,320,,True,0,,,,,,,,0.5,False,,requires binary PU labels (PNU tri-label cell),,requires binary PU labels (PNU tri-label cell),,requires binary PU labels (PNU tri-label cell),1.0,1.0,1.0,,requires binary PU labels (PNU tri-label cell),1.0,1.0,,requires predict_proba,,requires predict_proba,,0.0,success,
pnu,pnu-1:1:8-scalemid,100,"{""basis"": ""linear"", ""eta"": 0.0, ""fit_intercept"": true, ""kernel_width"": null, ""n_centers"": null, ""reg_lambda"": 0.001}",200,200,1600,,True,0,,,,,,,,0.5,False,,requires binary PU labels (PNU tri-label cell),,requires binary PU labels (PNU tri-label cell),,requires binary PU labels (PNU tri-label cell),1.0,1.0,1.0,,requires binary PU labels (PNU tri-label cell),1.0,1.0,,requires predict_proba,,requires predict_proba,,0.0,success,
pnu,pnu-1:1:8-scalemid,101,"{""basis"": ""linear"", ""eta"": 0.0, ""fit_intercept"": true, ""kernel_width"": null, ""n_centers"": null, ""reg_lambda"": 0.001}",200,200,1600,,True,0,,,,,,,,0.5,False,,requires binary PU labels (PNU tri-label cell),,requires binary PU labels (PNU tri-label cell),,requires binary PU labels (PNU tri-label cell),1.0,1.0,1.0,,requires binary PU labels (PNU tri-label cell),1.0,1.0,,requires predict_proba,,requires predict_proba,,0.01599999999962165,success,
pnu,pnu-1:1:8-scalemid,102,"{""basis"": ""linear"", ""eta"": 0.0, ""fit_intercept"": true, ""kernel_width"": null, ""n_centers"": null, ""reg_lambda"": 0.001}",200,200,1600,,True,0,,,,,,,,0.5,False,,requires binary PU labels (PNU tri-label cell),,requires binary PU labels (PNU tri-label cell),,requires binary PU labels (PNU tri-label cell),1.0,1.0,1.0,,requires binary PU labels (PNU tri-label cell),1.0,1.0,,requires predict_proba,,requires predict_proba,,0.0,success,
pnu,pnu-1:1:8-scalemid,103,"{""basis"": ""linear"", ""eta"": 0.0, ""fit_intercept"": true, ""kernel_width"": null, ""n_centers"": null, ""reg_lambda"": 0.001}",200,200,1600,,True,0,,,,,,,,0.5,False,,requires binary PU labels (PNU tri-label cell),,requires binary PU labels (PNU tri-label cell),,requires binary PU labels (PNU tri-label cell),1.0,1.0,1.0,,requires binary PU labels (PNU tri-label cell),1.0,1.0,,requires predict_proba,,requires predict_proba,,0.0,success,
pnu,pnu-1:1:8-scalemid,104,"{""basis"": ""linear"", ""eta"": 0.0, ""fit_intercept"": true, ""kernel_width"": null, ""n_centers"": null, ""reg_lambda"": 0.001}",200,200,1600,,True,0,,,,,,,,0.5,False,,requires binary PU labels (PNU tri-label cell),,requires binary PU labels (PNU tri-label cell),,requires binary PU labels (PNU tri-label cell),1.0,1.0,1.0,,requires binary PU labels (PNU tri-label cell),1.0,1.0,,requires predict_proba,,requires predict_proba,,0.0,success,
pnu,pnu-1:1:8-scalemid,105,"{""basis"": ""linear"", ""eta"": 0.0, ""fit_intercept"": true, ""kernel_width"": null, ""n_centers"": null, ""reg_lambda"": 0.001}",200,200,1600,,True,0,,,,,,,,0.5,False,,requires binary PU labels (PNU tri-label cell),,requires binary PU labels (PNU tri-label cell),,requires binary PU labels (PNU tri-label cell),1.0,1.0,1.0,,requires binary PU labels (PNU tri-label cell),1.0,1.0,,requires predict_proba,,requires predict_proba,,0.0,success,
pnu,pnu-1:1:8-scalemid,106,"{""basis"": ""linear"", ""eta"": 0.0, ""fit_intercept"": true, ""kernel_width"": null, ""n_centers"": null, ""reg_lambda"": 0.001}",200,200,1600,,True,0,,,,,,,,0.5,False,,requires binary PU labels (PNU tri-label cell),,requires binary PU labels (PNU tri-label cell),,requires binary PU labels (PNU tri-label cell),1.0,1.0,1.0,,requires binary PU labels (PNU tri-label cell),1.0,1.0,,requires predict_proba,,requires predict_proba,,0.0,success,
pnu,pnu-1:1:8-scalemid,107,"{""basis"": ""linear"", ""eta"": 0.0, ""fit_intercept"": true, ""kernel_width"": null, ""n_centers"": null, ""reg_lambda"": 0.001}",200,200,1600,,True,0,,,,,,,,0.5,False,,requires binary PU labels (PNU tri-label cell),,requires binary PU labels (PNU tri-label cell),,requires binary PU labels (PNU tri-label cell),1.0,1.0,1.0,,requires binary PU labels (PNU tri-label cell),1.0,1.0,,requires predict_proba,,requires predict_proba,,0.0,success,
pnu,pnu-1:1:8-scalemid,108,"{""basis"": ""linear"", ""eta"": 0.0, ""fit_intercept"": true, ""kernel_width"": null, ""n_centers"": null, ""reg_lambda"": 0.001}",200,200,1600,,True,0,,,,,,,,0.5,False,,requires binary PU labels (PNU tri-label cell),,requires binary PU labels (PNU tri-label cell),,requires binary PU labels (PNU tri-label cell),1.0,1.0,1.0,,requires binary PU labels (PNU tri-label cell),1.0,1.0,,requires predict_proba,,requires predict_proba,,0.01599999999962165,success,
pnu,pnu-1:1:8-scalemid,109,"{""basis"": ""linear"", ""eta"": 0.0, ""fit_intercept"": true, ""kernel_width"": null, ""n_centers"": null, ""reg_lambda"": 0.001}",200,200,1600,,True,0,,,,,,,,0.5,False,,requires binary PU labels (PNU tri-label cell),,requires binary PU labels (PNU tri-label cell),,requires binary PU labels (PNU tri-label cell),1.0,1.0,1.0,,requires binary PU labels (PNU tri-label cell),1.0,1.0,,requires predict_proba,,requires predict_proba,,0.0,success,
pnu,pnu-1:1:8-scalemid,110,"{""basis"": ""linear"", ""eta"": 0.0, ""fit_intercept"": true, ""kernel_width"": null, ""n_centers"": null, ""reg_lambda"": 0.001}",200,200,1600,,True,0,,,,,,,,0.5,False,,requires binary PU labels (PNU tri-label cell),,requires binary PU labels (PNU tri-label cell),,requires binary PU labels (PNU tri-label cell),1.0,1.0,1.0,,requires binary PU labels (PNU tri-label cell),1.0,1.0,,requires predict_proba,,requires predict_proba,,0.0,success,
pnu,pnu-1:1:8-scalemid,111,"{""basis"": ""linear"", ""eta"": 0.0, ""fit_intercept"": true, ""kernel_width"": null, ""n_centers"": null, ""reg_lambda"": 0.001}",200,200,1600,,True,0,,,,,,,,0.5,False,,requires binary PU labels (PNU tri-label cell),,requires binary PU labels (PNU tri-label cell),,requires binary PU labels (PNU tri-label cell),1.0,1.0,1.0,,requires binary PU labels (PNU tri-label cell),1.0,1.0,,requires predict_proba,,requires predict_proba,,0.01600000000325963,success,
pnu,pnu-1:1:8-scalemid,112,"{""basis"": ""linear"", ""eta"": 0.0, ""fit_intercept"": true, ""kernel_width"": null, ""n_centers"": null, ""reg_lambda"": 0.001}",200,200,1600,,True,0,,,,,,,,0.5,False,,requires binary PU labels (PNU tri-label cell),,requires binary PU labels (PNU tri-label cell),,requires binary PU labels (PNU tri-label cell),1.0,1.0,1.0,,requires binary PU labels (PNU tri-label cell),1.0,1.0,,requires predict_proba,,requires predict_proba,,0.0,success,
pnu,pnu-1:1:8-scalemid,113,"{""basis"": ""linear"", ""eta"": 0.0, ""fit_intercept"": true, ""kernel_width"": null, ""n_centers"": null, ""reg_lambda"": 0.001}",200,200,1600,,True,0,,,,,,,,0.5,False,,requires binary PU labels (PNU tri-label cell),,requires binary PU labels (PNU tri-label cell),,requires binary PU labels (PNU tri-label cell),1.0,1.0,1.0,,requires binary PU labels (PNU tri-label cell),1.0,1.0,,requires predict_proba,,requires predict_proba,,0.0,success,
pnu,pnu-1:1:8-scalemid,114,"{""basis"": ""linear"", ""eta"": 0.0, ""fit_intercept"": true, ""kernel_width"": null, ""n_centers"": null, ""reg_lambda"": 0.001}",200,200,1600,,True,0,,,,,,,,0.5,False,,requires binary PU labels (PNU tri-label cell),,requires binary PU labels (PNU tri-label cell),,requires binary PU labels (PNU tri-label cell),1.0,1.0,1.0,,requires binary PU labels (PNU tri-label cell),1.0,1.0,,requires predict_proba,,requires predict_proba,,0.014999999999417923,success,
pnu,pnu-1:1:8-scalemid,115,"{""basis"": ""linear"", ""eta"": 0.0, ""fit_intercept"": true, ""kernel_width"": null, ""n_centers"": null, ""reg_lambda"": 0.001}",200,200,1600,,True,0,,,,,,,,0.5,False,,requires binary PU labels (PNU tri-label cell),,requires binary PU labels (PNU tri-label cell),,requires binary PU labels (PNU tri-label cell),1.0,1.0,1.0,,requires binary PU labels (PNU tri-label cell),1.0,1.0,,requires predict_proba,,requires predict_proba,,0.01599999999962165,success,
pnu,pnu-1:1:8-scalemid,116,"{""basis"": ""linear"", ""eta"": 0.0, ""fit_intercept"": true, ""kernel_width"": null, ""n_centers"": null, ""reg_lambda"": 0.001}",200,200,1600,,True,0,,,,,,,,0.5,False,,requires binary PU labels (PNU tri-label cell),,requires binary PU labels (PNU tri-label cell),,requires binary PU labels (PNU tri-label cell),1.0,1.0,1.0,,requires binary PU labels (PNU tri-label cell),1.0,1.0,,requires predict_proba,,requires predict_proba,,0.0,success,
pnu,pnu-1:1:8-scalemid,117,"{""basis"": ""linear"", ""eta"": 0.0, ""fit_intercept"": true, ""kernel_width"": null, ""n_centers"": null, ""reg_lambda"": 0.001}",200,200,1600,,True,0,,,,,,,,0.5,False,,requires binary PU labels (PNU tri-label cell),,requires binary PU labels (PNU tri-label cell),,requires binary PU labels (PNU tri-label cell),1.0,1.0,1.0,,requires binary PU labels (PNU tri-label cell),1.0,1.0,,requires predict_proba,,requires predict_proba,,0.01599999999962165,success,
pnu,pnu-1:1:8-scalemid,118,"{""basis"": ""linear"", ""eta"": 0.0, ""fit_intercept"": true, ""kernel_width"": null, ""n_centers"": null, ""reg_lambda"": 0.001}",200,200,1600,,True,0,,,,,,,,0.5,False,,requires binary PU labels (PNU tri-label cell),,requires binary PU labels (PNU tri-label cell),,requires binary PU labels (PNU tri-label cell),1.0,1.0,1.0,,requires binary PU labels (PNU tri-label cell),1.0,1.0,,requires predict_proba,,requires predict_proba,,0.014999999999417923,success,
pnu,pnu-1:1:8-scalemid,119,"{""basis"": ""linear"", ""eta"": 0.0, ""fit_intercept"": true, ""kernel_width"": null, ""n_centers"": null, ""reg_lambda"": 0.001}",200,200,1600,,True,0,,,,,,,,0.5,False,,requires binary PU labels (PNU tri-label cell),,requires binary PU labels (PNU tri-label cell),,requires binary PU labels (PNU tri-label cell),1.0,1.0,1.0,,requires binary PU labels (PNU tri-label cell),1.0,1.0,,requires predict_proba,,requires predict_proba,,0.0,success,
